P0,P1,P2,P3,P4,P5,P6,P7,P8,P9
numeric,numeric,numeric,numeric,numeric,numeric,numeric,numeric,numeric,numeric
-0.9857892843767637,0.26358664856592656,-0.2250014129939424,0.011454185088637062,0.015112762352986253,-0.06820561579601231,0.18341836252063112,0.04940667281887295,-0.07227539929833252,-0.0031733810251994843
-0.9060938003574638,0.4754115753234665,0.11089354166306029,-0.3020203456089043,-0.1946531483146729,-0.08444302620551186,0.01995673610705824,-0.03383276158339018,-0.09009711441686696,-0.010005851104902097
-1.0663667916360595,0.2812336226166957,-0.3758655134044802,-0.22028444678329778,0.048341613160404306,-0.09003861042292913,0.08996138172294811,-0.004490262727521746,-0.048347917305560886,0.023068536228891046
-1.010509344548541,0.22495697834300785,-0.2590968545620277,-0.01313014258120447,0.08361803584241351,-0.1016910026231796,0.09932938385199111,0.036028288940901064,-0.014377100723525015,0.0018911692057634877
-0.9908849559866347,0.24223133914716502,-0.25954934197866847,-0.04010894339864074,-0.019873120736970395,-0.01892740379573929,0.1748069858918686,0.03968314775722057,-0.06487923591536573,-0.004206996394614804
-1.0031660728478407,0.25572495201702833,-0.272493862226334,-0.02232850588429844,0.0016325128031969838,-0.02024761299976316,0.06299537531905369,-0.025136757593885443,-0.045393261752705374,-0.01249849554251653
-1.064484721020108,0.3180809864034201,-0.3344952482323579,-0.11730203751594603,0.006011792170665331,-0.05551765154419222,-0.004118472321227362,-0.04410817372901717,-0.0598781822727608,0.0011628451751749536
-1.1225728455895825,0.3486518771970054,-0.3545478591952584,-0.09394627968625334,-0.05567608551577896,-0.014733031077963588,-0.06466815995424197,-0.019537832893660873,-0.040755430176924526,0.0007103407231190961
-1.1266066561826436,0.3815885225521664,-0.3775503705548956,-0.09729397976068362,-0.057744300496886614,-0.017197748583738404,-0.0610033934030102,-0.0354673560494114,-0.04060269172023656,0.007338504856205019
-0.9874245077341619,0.5930003330720857,0.22623044371999085,-0.25611096896098745,-0.21454544334779463,-0.15676009379161462,0.0198203009704283,0.025361836266588444,-0.06526167610811628,-0.008334260665203985
-0.9523147594027492,0.4066795116728654,-0.03748678061900972,-0.2189580663032567,-0.17601784341188498,-0.020830349432072848,0.040198007201793354,-0.006713353507975708,-0.07663224482156143,-0.006978520248639208
-0.8698749919030967,0.4767161584212145,0.20951875336939507,-0.39300280859331505,-0.1995603976253102,-0.1582784591652204,-0.04359059335748129,-0.009024905977547293,-0.05928432835393919,-0.004281657670935135
-1.0365969100989587,0.2257605243387943,-0.2723848389368121,-0.07858705427768992,0.12340130307861108,-0.14059721114689147,0.026910087833587032,0.024760932846063247,0.03850478548369485,0.007842517843289765
-0.9863012725577041,0.1517246938701744,-0.2106171529563185,-0.003238933621321674,0.10087432597693402,-0.09663269330019886,0.06014974870266983,0.056434778949982466,0.055093481400642734,-0.005554314969266005
-1.1023890565194958,0.34258916360756086,-0.3587058720042136,-0.08366035042555806,0.0018423939922935229,-0.048302855434948055,-0.05531629481478041,-0.05601618748346203,-0.06402431952138501,0.007596327260709357
-1.1422214843670515,0.39904134649402356,-0.3872591010027618,-0.11569917391280271,-0.09936538672951056,0.011482684251150732,-0.05349694844894273,-0.0377143138070064,-0.06671922525635231,0.017915988365252877
-1.131774121189438,0.39348276838316465,-0.3262910796459445,0.021327000649001546,-0.07997150006400172,0.020037653762651375,-0.11006634493031667,-0.0382518345745589,-0.032970485833715646,0.017568245527763426
-1.0179500392892127,0.7148867047263456,0.3419427932217294,-0.20914283342118056,-0.23779112758191634,-0.2002357662699173,0.014321416220464844,0.0170087407275184,-0.07495189628070954,-0.017063059559192573
-0.8763384239344705,0.5304727831907677,0.32705897312140403,-0.35964308088173114,-0.2356704967671765,-0.1967983752041806,-0.0781934053846268,0.022321238728677917,-0.04009169464496887,-0.012071025050732764
-0.8892938290076323,0.07505166256591625,-0.19414769687151434,-0.009689643467697108,0.14439841763688022,-0.13062897227390824,0.10436965281445246,0.018751998596364422,-0.00784371612358987,-0.025486966937240896
-0.9101856063514864,0.05863569497027024,-0.202973609301221,-0.04934375061622177,0.16451323698398107,-0.14751157557646566,0.08353281654298793,0.01746883874107224,-0.010203843347966916,-0.014302724648932508
-0.8998866528114571,0.034625643910960124,-0.19721362719964222,-0.06621437403854476,0.18323546432746124,-0.15047215797468189,0.0739201914552726,0.008012450263177269,0.00724293497188238,-0.0102309815938883
-0.9916957106752693,0.15182266021376284,-0.2822335506324204,-0.058383459007637285,0.26551586208496875,-0.22865132198300536,-0.07414796898974671,-0.02171736497953239,0.10335815820716229,0.007653010882389066
-0.9799442192490135,0.19107790185032303,-0.30178313105214477,-0.06519206447571758,0.263254122406999,-0.19952606561231967,-0.03251202541608597,-0.07395236236907288,0.05014038463565285,0.006580071882174188
-1.1304704155948335,0.3810031950879251,-0.2601993742320251,0.10386616661879022,-0.17021819035486702,0.09637318436629816,-0.09988844559292347,0.00842788750668566,-0.02019380777520094,0.016180062771502635
-1.057328047316418,0.645672882303829,0.24516647076949327,-0.14147865919388336,-0.21784033006656134,-0.178063163865732,-0.01806578178622261,0.047563708877920524,-0.03463585632111765,-0.01670579304189007
-0.9159271976487191,0.4658635946405658,0.3093995061547326,-0.2209763799316388,-0.25672612792950017,-0.1253779624093479,-0.054300289155977184,0.06678270738238284,-0.00796702720235927,-0.01845633941530117
-0.9283487904202296,0.0921539203684916,-0.2227891439997296,-0.058130918021048104,0.12583775693116725,-0.14935126465472862,0.09564754253526991,0.06983606308363098,0.026624063189265024,-0.015709824659339067
-0.8894847598645352,0.039700818977826485,-0.194310850646497,-0.05135013627350913,0.1825256394497266,-0.13681443087141582,0.08293117653037287,-0.02693744331885671,-0.04100782137387794,-0.011610671848219178
-0.8867159909712938,0.02998067372293678,-0.2000536770558915,-0.08033330440559261,0.18119731818899648,-0.1406202553138979,0.07190953676537738,-0.004501940886017179,0.01779659697062333,-0.004820085388245188
-0.8674341645112427,0.0021018674977408836,-0.2028433483834015,-0.07267498518634458,0.28513408866956547,-0.20501625738274543,0.009800848365015158,-0.04111560476082498,0.05493811920168904,0.013225313185895649
-0.9865644134176099,0.1394819340838792,-0.3018320530990354,-0.10245603488993653,0.2774613646280588,-0.25925548281584543,-0.052553631379140736,-0.008685463526963082,0.08898669540617575,0.019770294003292554
-1.0768726972080702,0.3444316151307364,-0.2361280925723489,0.13495946742053438,-0.13710823786740256,0.09265606786507288,-0.11359265537731061,-0.033139302753896704,0.005932203672733423,0.026310514237344707
-1.0738563836976476,0.30085968350921083,-0.17364492508296414,0.1866828022302438,-0.1855105447598568,0.13210685960636895,-0.11098863998537492,0.019732996391719992,0.019640215998054565,0.02296806809669033
-1.1011341283615113,0.4852126257560624,0.007439932102381738,-0.012302376470883655,-0.1658713720191039,-0.07932171227592968,-0.07182263233094216,0.07624363555745178,0.040614848605974946,0.009739480804633993
-0.9547534340151873,0.4613474711775488,0.35422485135005405,-0.15688794341527612,-0.32424315482953375,-0.08088074158598804,-0.11024491306973783,0.10253812699138809,0.05489431179009854,-0.01516858520468456
-0.9626169812421937,0.1122312199780537,-0.17209090164506485,-0.0859555061643411,-0.29491633318335914,0.21248343785279836,-0.13409649597812373,0.09325290368987507,0.0887131109574901,-0.015306107692396542
-0.8725969501797434,0.19754715267421047,0.003652067332374033,-0.1847372565075958,-0.27176058201867176,0.1798736385667325,-0.14349485745998403,0.0293354194313662,0.058766476811055846,-0.026297253760071637
-0.8504111783616114,-0.0014770508674228355,-0.11163869548919961,0.020987039635999738,0.042933520729644126,-0.05726411741982165,0.1436407864896388,0.12789349007383083,0.023588766178056213,-0.03985407780176353
-0.6955764478730739,-0.06198006661900589,-0.059823682259321456,0.10244439834746105,0.19868465044456823,-0.022930305349180072,0.17544199953547873,-0.15384945246821108,-0.059148126097299046,-0.06214881322528143
-0.9946211719946569,0.19141491328238253,-0.08087086754739814,0.2655598020738269,-0.13317869381854008,0.14430686348398858,-0.10789105612645197,-0.023731557173362533,0.0015088015047329054,0.010743997787043769
-1.0056699313990372,0.21835960093511328,-0.11805917655463632,0.18500002302377772,-0.20542938932176522,0.17238863598625295,-0.056824561305437976,0.022460723221994744,0.02043402623321571,0.015153308233528617
-0.9449096523917757,0.1751845934743841,-0.099120737557129,0.20106582137848225,-0.13910729603286653,0.16090140214477672,-0.07263140242263325,-0.04261875274377977,0.017607596426787588,0.023117745060796446
-0.9806203877666395,0.35358147104179866,0.14817395688876248,0.11160240013236081,-0.1899074842984343,0.012129591362569303,-0.07706127945343391,0.045134920835041364,0.06049391311562725,0.01418818227386015
-0.7529786939952955,0.3212532747448522,0.0703246308661521,-0.14495479097536132,-0.2264127600024191,0.36582190134877113,-0.15663350385810781,-0.08251631395647144,0.004691321060464451,-0.06193451099906522
-0.79729416182361,-0.15236121232337133,0.05466001850066875,0.2455750796823767,0.10934565954307204,-0.10044314758415683,0.0599976905920105,0.18334779918447697,0.07855654961176686,-0.059664472570521765
-0.7910234754434862,-0.11314047252582407,0.007705673387401815,0.20359109319138352,0.14018389757166644,-0.1044991182922834,0.06155577568592306,0.11639845440602176,0.042536333066458064,-0.0565334328722254
-0.7376892650876479,-0.03345082118009943,-0.0853827876005957,0.09383087814005392,0.14411958729298466,-0.06129410149455146,0.12985170082818853,-0.01104844126258614,-0.0015006103568323548,-0.06095222808438344
-0.9105363707522001,0.16254348122294776,-0.08371849748343248,0.2379365713112449,-0.08980844563814339,0.15155081016389182,-0.08282626292857154,-0.08568235804598251,0.028901015948533115,0.025153224572593835
-0.8530046517922705,0.11778381960025976,-0.056257662703683334,0.28102752426424416,0.0020094810223710846,0.11638194482469591,-0.11698085996926867,-0.1314212040580997,0.07035616837290086,0.04233401868243308
-0.8335014384090385,0.105633739904517,-0.007886391748767471,0.3818468785861536,0.025568882166191353,0.11693887874264197,-0.12185587924874731,-0.14161101275450017,0.08754234383400444,0.022833319567745702
-0.8586770313659013,0.19159232540298354,0.08393723999400196,0.32553239300769343,-0.058820349125033394,0.09641072447286997,-0.11422749223168567,-0.09489545297357282,0.08732167513501606,0.02901745223609481
-0.8875325922885184,0.3248678662166318,0.17957831589588275,0.1902160761448437,-0.09286905195046541,0.010813653894187703,-0.11028956621913509,-0.0817797133881498,0.05982820170885818,0.016869942976170893
-0.7037382629255515,0.3598952371838873,0.09334090530231036,-0.1991320680615971,-0.15219709114450955,0.35658151530313353,-0.1576347238358185,-0.053776852918732694,0.001953864883953424,-0.05391314255524979
-0.7602330056152645,-0.20502840852455276,0.0569998732467524,0.1654171887309734,0.07133509006112118,-0.0543433525131467,0.06881178906581568,0.1558664542715672,0.05157599038925203,-0.04529161759376377
-0.8471273626890137,0.1333825509726247,-0.03701089622627503,0.36400273341790923,0.04633864870507057,0.09759293519408527,-0.1364698828242268,-0.15414062308491505,0.08444321585391118,0.0323608647206598
-0.8024813250502695,0.028666025960522257,0.08104779155147121,0.4450076272600568,-0.04025246200691096,0.17155587832383948,-0.08623516596322456,-0.090233421817796,0.10793656829534766,0.014895368625479577
-0.5711736954648867,0.22112218244345314,0.15980630319691602,-0.13876136894490076,-0.1634059749621094,0.4350970223841723,-0.08601724718253219,-0.15346265857118768,-0.03086796748609301,-0.06343854264193638
-0.6483874308396603,-0.3286267349108457,0.11485312628291794,0.22508884565740456,0.23673612934690308,-0.1147955271727534,-0.05579711053082759,0.050138600696380986,0.0975803811805322,-0.03101943951074837
-0.6125648174862333,-0.32942525776871834,0.12445822708598786,0.2470218856670704,0.26243537066660994,-0.09029101593645285,-0.03044946464170528,-0.0319435560881389,0.04262367947579665,-0.042608647489387086
-0.5613794687605682,0.10159840954700093,0.17772204799242552,-0.00783118420308573,-0.1522664088338411,0.30233469332975427,-0.040930938363704816,-0.16090816463142746,0.012134951154435938,-0.03869073485379629
-0.5482196791698251,-0.45248238562248544,0.2056785890843764,0.23651046310599866,0.21671362808197753,-0.02039591193206327,-0.0130761099392534,-0.03368829300775804,0.0068646252544183745,-0.023576170218731818
-0.5782892814156088,-0.4284230687406391,0.16589339145536175,0.22693258781402567,0.27960249805824144,-0.10532377912501766,-0.08522103401627246,0.004001533148158792,0.09436948024967094,-0.026951898554454123
-0.5847331981008035,-0.3710208642222049,0.1332592802923109,0.23957319268042138,0.30030379912478095,-0.11833724633234444,-0.07390664041290375,-0.026691713625017086,0.09183390310357259,-0.03223723175440024
-0.5480271040731234,0.0764368254884698,0.25030590028202293,0.00485625246657817,-0.12228998227587046,0.17934116798069918,-0.06617960020996502,-0.1592080373180019,0.05591542235871701,-0.03193869247635436
-0.6128882296139371,-0.1587447601428435,-0.01721189417503516,-0.023339196316863726,-0.08153207486912052,0.1829802248638188,0.006829932924376336,0.04070342777939056,0.04769475690292719,0.030452473030800564
-0.4663600457147458,-0.1604208868107276,0.1283609984061072,-0.13563876296447747,-0.004482066228253256,0.0867840469662375,0.07873061672777572,-0.04310040219293912,-0.02013834230599005,0.04394910252946754
-0.5184478738308786,-0.41128123818466233,0.2101000117431844,0.2811741864216798,0.11476366288319882,0.02104088111928313,0.08548570496177633,0.020995369436731,-0.06620116853185143,0.00979575093761978
-0.5538119172841349,-0.40097697578733305,0.2135673213436222,0.3164684271348903,0.15538580628475307,-0.01306923734275546,0.04025152119529779,0.02417194149846874,-0.04399705205255683,0.004002812077101792
-0.5525726115801008,-0.404639065420446,0.1991471970338608,0.284739643291714,0.16315319950361024,-0.016917041718727696,0.02059472718137509,0.013914095781088542,-0.02384151525288289,-0.002568803520584695
-0.5492632314854557,-0.40967205802000817,0.18610916537838101,0.2261916075699525,0.13779495232607597,0.011432668197369364,0.044036744751543816,0.004878902310792715,-0.019747396788995175,-0.009797510383544206
-0.5200637305768739,-0.4788910696646511,0.22779134373885782,0.2540784461138351,0.22687635803613498,-0.0025764017416319424,-0.01055978732984758,-0.07471752206269791,-0.03182456747360442,-0.026383187534323616
-0.4247324958834484,-0.11854013355265616,0.24608345400275078,-0.15759671037483725,0.008874350458923291,0.0024233060367798848,0.032742312354194614,-0.03895509910177381,-0.012446590280971483,0.05900748461022995
-0.3335400336064021,-0.2169509932008933,0.27240840329004284,-0.11492744640248431,0.005330399279941597,0.1537211034873944,0.09292452187258471,0.006256256926077973,-0.027204846784581266,0.04239341519074591
-0.4870891907436774,-0.40467819935793886,0.17388921043510758,0.22649213076154484,0.02180650986884664,0.020630261823599796,0.0974820692398022,0.11217787115457892,-0.05223316993681026,0.009679526804557775
-0.48887139605861163,-0.40732158077459335,0.1864755521167763,0.24292265102870325,0.05455631861407022,0.02986280083093703,0.09921622385242519,0.06366745831687334,-0.06518631894253549,0.011765134435121533
-0.5360404044204801,-0.4139037818347636,0.21282677395805394,0.262478192017469,0.07099654638759173,0.035527248316147106,0.10352892647159727,0.06529668424779375,-0.06426208510300746,0.01334672135593648
-0.4183957569932306,-0.4214062975241312,0.20775519110224322,0.2947905889242095,0.21535412238865026,0.053754488760042934,0.09883466855376163,-0.20360157566875547,-0.16875408284188087,-0.007641963825479436
-0.31897078891736463,-0.20078918010774827,0.2572573293706096,-0.12387506442738372,-0.027306724750818814,0.14956362974050041,0.08894180465527829,0.03429396537390302,-0.024840178933877036,0.06937505378045199
-0.43989692055608537,-0.4213039925405474,0.15055288855584298,0.16739580192227635,-0.013584552762063887,0.02823682420383483,0.09762206333840993,0.1319035660876032,-0.03818530321596423,0.008612293159539264
-0.4703785124979166,-0.4034475493827966,0.16309846291571037,0.19998223724473785,0.009466677550539673,0.033022839292088414,0.11091949512728938,0.10603427944029026,-0.042750066118912994,0.009290670244176125
-0.29111071478106676,-0.17828804333895396,0.3191735119072886,-0.14563205078534022,-0.014046111829721666,0.12075233970712798,0.08548306669577306,0.010565128290808669,-0.020914037666841627,0.06016844206828684
-0.3846361673063433,-0.3178382154819438,0.04423379402143096,-0.1088426576387164,-0.04160140216860567,0.2205508617678122,0.12193400260011049,0.1327823012847028,0.00394261111773106,0.0777587985071765
-0.40306571065254565,-0.4145870376997949,0.13015510602828062,0.1466195066822959,-0.06154001438029315,0.02990677730281939,0.09654884383480361,0.18383361056857142,-0.01392517972499286,0.0038354806358466
-0.2535170632783186,-0.20720573075241552,0.3233290195800886,-0.13840786874721375,0.02827196600276994,0.08191915162243044,0.07583987382482642,0.018005748064733977,-0.0013686707735774614,0.057618680389595986
-0.22601945293348913,-0.22580804297408502,0.2849093585242748,-0.16351694707374775,0.026907821393249258,0.10275509041179254,0.10291635600350155,0.009700931881213626,0.013520117047275827,0.05698455375593982
-0.363614049893849,-0.39777745560179184,0.10114182795067495,0.08979876486519894,-0.11291316891849898,0.06179052095652082,0.13935017572925837,0.20306561389162203,0.022282166448536332,-0.0046141739833679835
-0.19818528238844096,-0.16424566016955833,0.3080402655032954,-0.10577502360859534,0.042142060201956856,0.09129107155343186,0.11889542287847737,-0.016712011108499028,0.04560053373895617,0.028704538111375216
-0.18786620699702833,-0.0541765276542657,0.42959840238243124,-0.1340626502393246,0.05938723924836032,0.08483514192354105,0.09912747688109111,0.012884905704207038,0.02365742837901591,0.018414535062990622
-0.19028044355235804,-0.01891136905915819,0.48249998715999015,-0.16022362907968152,0.05920317552036162,0.04468411783228102,0.06291366016811534,0.07390701715959527,0.05091013952744705,0.0044482921070917725
-0.2977942935317135,-0.49168943124590886,0.14213020350911515,0.15092418173784905,-0.02542844504949295,0.007964207234938951,0.02130980432041421,0.13676124019429217,-0.055760396669389804,-0.007666461314842582
-0.27863877432567474,-0.490622217545251,0.14333991245466618,0.1627389923759785,-0.001700087016121312,0.0094479544867902,0.021475606109491202,0.10043333632920226,-0.0590339645530701,-0.009520819637321404
-0.28902733460754604,-0.5354456832302781,0.18715837691421608,0.21657335157073726,0.045322823513243314,-0.000530040279592206,-0.02509518290810897,0.055129366969799996,-0.13154662776233245,-0.002717541732153189
-0.17190554498862218,0.07634483054675459,0.5647791811624174,-0.16718032166536462,0.054495250573174496,0.044775761182429694,0.04271586602585025,0.08743817892544437,0.03257013444382074,0.0050709688932661645
-0.13903367922102078,0.06613710352347654,0.524735977685332,-0.13913156441062008,0.06319839220552323,0.07563872981683277,0.0576080303542017,0.04515011703978507,0.016072260328231093,-0.008614660815490949
-0.25462853600802876,-0.5133737587663989,0.12947575922725518,0.14149684908899485,-0.0029690673915752225,-0.006840620027957586,-0.03496671044723407,0.08894011271338306,-0.09079068149575667,-0.0033906170648596856
-0.1298502312989544,0.19891672110465292,0.44458367190861575,-0.10562681578321337,0.09581856987244153,0.06017348996119283,0.05748642872249664,-0.05380281487333584,-0.014735827533786699,-0.011902957397219138
-0.2042206915028579,-0.4897064977076643,0.08881973318557954,0.09179057670846419,-0.00885603906698177,0.013150640404500036,-0.01795495958359647,0.039959872615119664,-0.10014890754993025,-0.006290453461278288
-0.1744034064494797,-0.4914493610362412,0.07959641795065941,0.06184214288795338,-0.04744969570268507,0.04024544565119849,0.01651837326560268,0.03284082478237527,-0.10529957129403991,-0.0072090879062668214
-0.1422454401589806,0.31319378729196745,0.34548549421259317,-0.21139396043166248,0.21941018082004965,-0.06627480217566152,-0.012358169867626688,-0.1532682363557898,-0.01944016263828045,0.004304044778888599
-0.08784582123730278,-0.4029786986466235,-0.015371813379145866,-0.011162976146600367,-0.03893110628359517,0.04048847519504699,0.05854672156849146,0.010241511732748199,-0.03276629451820394,-0.014317540222487705
-0.12918615149983714,0.12158830560800268,0.0535105127554436,-0.242764534453844,0.2009080158538034,0.045106625130012235,0.038762748839502606,-0.09688685565092976,-0.04508681232946475,0.02849318809984204
-0.04450604865082343,-0.42159890757301977,-0.012755209905452758,-0.021195150810596752,-0.04509563700060387,0.06344366550978078,0.07920350654339792,-0.04754821119987777,-0.07488094822071065,-0.014045731385315615
-0.09743398832501393,0.13633626854332706,0.09678538496282121,-0.2601843305379388,0.20957955372862844,0.022913771975192683,0.034300059279763616,-0.11732380411662635,-0.04611672217464618,0.02572714994685457
-0.02050071196945827,-0.3964462643771449,-0.06371176529373063,-0.05731931557121865,-0.03816710123947467,0.024570838980304974,0.07112575991319255,-0.05315067379583624,-0.06148362150367162,-0.013131247498698671
0.004730561027849876,-0.43378661405385727,-0.037799018081216496,-0.04495402737922663,-0.05423123849934752,0.03801267157663181,0.07502172754796571,-0.052617059117129814,-0.0867765014064272,-0.01704797343696657
0.002236169099736271,0.0003108132938403618,0.12632101239023477,-0.21990414986748405,0.20027032522546975,0.06551198993138821,0.06526067785074881,-0.074770902096498,0.0016574127024628835,0.01783149384738572
-0.033373022483381136,-0.33210916876246965,-0.15120913240649939,-0.10289727285156232,-0.015435007078332664,-0.06534758602440371,0.02755817270202228,-0.00619261973535206,-0.008604594449460308,-0.007264730732075612
0.30218935608674835,-0.5993440924823681,-0.03489140117320849,-0.04969723481893881,-0.04067914850545101,-0.035753855256749095,-0.1346263801093243,-0.0010198184824326759,-0.01074288899367206,0.02296781468359954
0.295941141702073,-0.604418347101456,-0.03306980356366793,-0.053116856218517014,-0.0345239467128359,-0.04408073746879579,-0.13081034079891796,0.010009155986175015,-0.006354283913517264,0.021717037170709497
0.29130927205016743,-0.6469664120009286,0.0021371321272464494,-0.03817982792643779,-0.035762508914162425,-0.04137323043139873,-0.129322400610813,0.02868620787540823,-0.028763398292329705,0.02058254227042297
0.04257066803386161,-0.05705998653620964,0.16600933512734967,-0.19613015386994356,0.19748096211140045,0.061159440620071635,0.05657377792060024,-0.03079588850411935,0.04852340837458075,0.012506843124677508
0.07802109361727658,-0.08488909913123593,0.1639125207045607,-0.21712014980681393,0.21256637862757005,0.05143373414441739,0.047924629045514,-0.04121990373704573,0.05051889426227578,0.014258139905068343
0.05362524427010443,-0.23219848648916094,-0.046284116505753356,-0.17484724894060316,-0.057415948083546726,-0.1093321434341398,0.05018540221461465,0.007827809423104796,0.02762530784496232,-0.029862122374068815
0.3245506899584373,-0.5242192347697503,-0.021318927823695655,0.0846215539472508,0.019418366478158255,-0.040744170569806434,-0.137797238052323,-0.00031671202776024227,-0.009376064846664964,-0.007900386213156363
0.3415221659123287,-0.523399170367578,-0.06348967483170284,-0.051211344018763955,-0.04467183495617115,0.0044619193510947175,-0.08049448578968468,0.022900343779074447,0.05073605442167309,-0.002808532055814328
0.3356795021089533,-0.5596732334129537,-0.04731875843103428,-0.05673263908726872,-0.017613952135247787,-0.008682544248085067,-0.10990854380859942,0.018730453030961193,0.051070760908376645,0.0030927684852772863
0.3239725288360239,-0.5866718238355633,-0.03534180910493759,-0.03457989093172534,-0.01573519957061005,-0.03662345730653345,-0.1317882854231608,0.0019159765303881082,0.02553297078052614,0.014248293475513485
0.3180919903910676,-0.6016192962710174,-0.029374447988355534,-0.028803561609493364,-0.01855129066830903,-0.04388018971961202,-0.1401345847414059,-0.014640085752614544,0.0007460063332914782,0.019747099887889474
0.3208107574979222,-0.6415418328266054,0.0042322218043127635,-0.022913139443315522,-0.007873970801501803,-0.030794109348002613,-0.12259411759565464,-0.01680639509810988,-0.036240202500019504,0.014779577179208941
0.34984920595051594,-0.648934332443213,-0.0033684136704680567,-0.045974019453166926,0.02968335315023904,-0.026963705382603786,-0.1317439702974209,-0.045565499258553174,-0.0627479820346647,0.012745388804701496
0.34424670732606405,-0.6218734104422603,-0.008582586458325853,-0.02313624816714209,0.034477613080013764,-0.022511504773437108,-0.13881013932336042,-0.051820507836631745,-0.10001566772135675,0.013405115930345518
0.4823375699343022,-0.742483676675421,-0.015137543652089025,-0.08110280344351564,0.09466665207936142,-0.09120875140413229,-0.26171994209979643,-0.05239503738701727,-0.026528977179850033,0.010155009336544285
0.10838600651298769,-0.10043345843326912,0.19823705116386148,-0.14894517753625663,0.19728919532660405,0.053050397265987655,0.047240514511858345,-0.00862856434572408,0.0650390845072258,0.007954538006308479
0.1479452421652321,-0.14376233370968672,0.04410319186969566,-0.27214867931915787,-0.06500175938121427,-0.12592383667270446,0.09462751086574843,-0.07299641801290768,0.033820176354069656,-0.04429762185164368
0.34586265762010926,-0.30585869792266696,0.2057457179048958,-0.0023870366208827987,-0.08252033285211388,-0.1114010461237756,-0.13346605218107213,-0.01590236666741024,-0.022652360763707392,-0.02529553322680983
0.3704508667961571,-0.26654477526021325,0.14825300360690385,-0.05649595242475386,-0.05552879112466128,-0.1267079041226451,-0.12523198266250019,-0.06665352367788907,-0.02065854944883575,-0.021338654608356267
0.295372730124678,-0.453790116712709,-0.06890530735507865,0.06844710348891375,-0.017925130223079747,-0.04368922399690425,-0.12581492723137455,0.020151587518265228,-0.011044902772022983,-0.005946426572236124
0.3246374395044939,-0.478792873724046,-0.024145800939694873,0.048537479661436,-0.014517828393117382,-0.037649973266412895,-0.1107263084591707,0.007713417722790442,-0.003635209802060016,-0.011185592463790167
0.3628362472706174,-0.5562785513905355,-0.05236484505830835,-0.023796368065724285,-0.009658193250085628,-0.02379125108102717,-0.09124187625774788,-0.03902500658623231,-0.05293413254739813,0.004492287124948591
0.40952061912858756,-0.6137859967122157,-0.048841063994826156,-0.03830131905418542,-0.016941281799259647,-0.047858544528015634,-0.12515301687672997,-0.05752154939495801,-0.053915847491575145,0.007004175838610016
0.46184668200800144,-0.6334411846698411,-0.06415615744944067,-0.0951793986664618,-0.0022252530219329103,-0.044794541731283305,-0.15935822273844327,-0.011115188232460944,-0.013255763988354846,0.006437750857262586
0.4658535166165346,-0.7002175053416009,-0.061187641286538225,-0.16171770597295504,0.01241362379094163,-0.07067082695455035,-0.21278754320831014,0.025105621347692675,0.039073480322296184,0.01063540275958591
0.5530851821798373,-0.7156137325597033,-0.031199623235873566,-0.09230569572976015,0.08896496625569536,-0.035033315013930505,-0.18940752241721784,-0.15258866266471408,-0.06893328404373322,-0.002342893410860719
0.18459410376283092,-0.040389551908787284,0.10719660675604317,-0.19361939733709418,0.14553250765341527,0.02134204320000581,0.04020460416201046,-0.001659323931402959,0.007967308416226004,0.022823164156133505
0.22584353364575682,-0.2217139967368315,-0.2779081118363888,-0.20334353769537347,-0.102259988237157,0.004855325999335101,0.12975730181338022,0.012650774786925473,0.05001907563002378,-0.014923309208441662
0.3774569870782697,-0.24983595233549746,0.14601726291284445,-0.08765920602477356,-0.17632734999300317,-0.06784590980982644,0.019514297690970826,-0.04453817934769898,0.006548525325467122,-0.036866471812612656
0.35217965275161334,-0.25913826971115755,0.17539925810249268,-0.03838935084267517,-0.11424487185796789,-0.06993732386315532,-0.05101733898761263,-0.07209148104788946,-0.017028480457084504,-0.04291555523375207
0.34035591198626625,-0.31050107910176716,0.11228205885196396,-0.005903249109210917,-0.059936872636012356,-0.09801243875861843,-0.13566908434565156,-0.03725826068590129,-0.01682835276660513,-0.022221394648541032
0.321351019624984,-0.37096460883851246,-0.0020572735763200317,0.02357300124307589,-0.025706200049230965,-0.09046580535796252,-0.1303679933808217,-0.010816051153155048,-0.027769400793734238,-0.004796481904233013
0.4393177108058476,-0.4552173060057814,-0.17857167632313908,-0.14306071320481603,-0.0870393981035267,-0.031320496445083446,-0.055944233082835776,0.03551835003478146,0.057589769446897705,0.0007165372256661418
0.4568451531459624,-0.6159108251808673,-0.10304690310068748,-0.15810709366562142,-0.026314576246649207,-0.05367846681370794,-0.15457129485503415,0.01734084822238563,0.03452852217797463,0.009363357612150874
0.4501499342079573,-0.5687477910063411,-0.09726895491227826,-0.09539235956238026,-0.06194035164884862,-0.03888930889697448,-0.12103928729722127,0.04697850837105651,0.020514637548868217,0.005635974391874327
0.46823073635748674,-0.5538386711085082,-0.10754429986881708,-0.04503201599301147,0.04173838710632044,-0.08378951323328854,-0.16492137459480152,-0.05714909526692931,-0.035387874737152186,0.006954868710511736
0.29594169456582864,-0.14653829314325195,0.2148413211562088,-0.08654119501313086,0.15304363972393512,0.07131146473764614,0.05437961191975196,-0.035432259723230275,9.972350513236684e-05,-0.0026394339857558208
0.24548532837174616,-0.0973112402528806,0.17216781732304745,-0.12414762198104362,0.16230757996197426,0.049851253420371805,0.0539219542731492,-0.02967690874930054,0.011198057857027679,0.008185202758489107
0.25954492460206224,-0.13112137499724663,-0.25723176282216764,-0.20939437839193584,0.003349833827893514,0.15013047921108913,0.07623914559115107,0.10928626744263195,0.0231701685068839,0.03289298806299826
0.33719506704288316,-0.06031837240106765,0.048337500273157114,-0.2720422175368419,-0.12697251266557721,-0.15366031421557175,0.023079679257681368,-0.06043442003104055,-0.0239255548822331,-0.01234011857222922
0.37638929197407445,-0.13716852857706147,0.12496709694268954,-0.1830083960610387,-0.147643400849685,-0.13782376367386878,0.014942324780136934,-0.045602014307254135,0.005825055939655436,-0.022401457941376435
0.38392265915418955,-0.23449179017741267,0.1817045952709359,-0.10003242388859226,-0.1811598315011548,-0.09100669985345314,0.008136437903026983,-0.04012040258156711,-0.0023373772076484677,-0.032949909730706745
0.4177462982986505,-0.43547998872813093,-0.16017778565382276,-0.062403782787330206,-0.0959462855560155,-0.04062258002464535,-0.06374971746057564,0.03473281260988303,0.0005751453749397936,-0.0010590465144935668
0.41267397958570134,-0.4350182736305234,-0.14586425314595997,-0.030533119668964104,-0.08838119076608701,-0.046891246096313954,-0.07123010573793845,0.055132821048052026,-0.0008254286757595191,0.010277531028922454
0.44751023249702976,-0.4351447368522382,-0.1919668892374231,-0.13775710542990208,-0.09905473466210483,-0.04279891323042685,-0.04915954838683795,0.06602856399988485,0.08992521727029784,0.00014529172888441688
0.44716124883703157,-0.4954760827325923,-0.11106314654222717,0.0009341615748854615,-0.03223260507276983,-0.06099755753849298,-0.11910992475515213,0.0014087377455132763,-0.040824837553307396,0.005472153014240089
0.4499374503443171,-0.4725704497620119,-0.09477078943572846,0.06655218275047706,-0.0673112696714699,-0.05108069335993552,-0.1022615636765792,0.03130686337625235,-0.05540461771364719,0.0011727308642185963
0.39633943820494183,-0.15672390942930406,0.1879080264901858,-0.06997591366813527,0.1338308209721148,0.04419073060566106,0.0641706837382946,-0.1098472199479247,0.008190785040106206,-0.021046402122416284
0.25199482364003795,-0.11924566786475035,-0.2559037014454889,-0.19685729678219632,0.0025189077252102676,0.1535419645172928,0.08582546183238263,0.10680030724362037,0.018300348042368353,0.032411118392327076
0.3048194610286524,-0.042704607128040944,-0.11689569872042964,-0.2208080640551587,0.005300848745667552,0.0633601289580457,0.04504119460793951,0.10540942835138065,0.04049270128709159,0.037521461691324615
0.4144615641359437,-0.35300886891486416,-0.18871058344204972,-0.006266347249921346,-0.12953026624995134,-0.049704049544114295,-0.04072657329063109,0.07161535065799157,-0.018262523133787647,0.008733211732943308
0.42152838803839043,-0.3894445995092627,-0.16306022847115692,0.011147721334001333,-0.10137135728761723,-0.05806268402210328,-0.061424277578433766,0.06157213313055503,-0.021304916677596403,0.006327652041504456
0.4643012297812932,-0.43451430513664036,-0.13358298130391422,0.028148870446912465,-0.08486520300400023,-0.0469660097355529,-0.07242422282463234,0.034302274625844086,-0.023339974689100262,-0.0026384224230262265
0.460478490838569,-0.1637988546366353,0.15493495524225329,-0.04216602443776418,0.08667271551769473,-0.021422230282296256,0.08908437884080153,-0.1646897270982666,0.08152410205384408,-0.035838942032172874
0.4083889562144485,-0.1920116478506854,0.1176740759852215,-0.06261108895587389,0.08242247917275466,0.019721473844360543,0.0949330203311523,-0.1285670148557817,0.05901038910351951,-0.02594984387756029
0.33808440747309754,-0.010376733551178775,-0.13230327815215187,-0.18707753530268145,-0.024216804644000313,0.06993495682062759,0.03655003444538549,0.09527790225335492,0.010600193513351938,0.05116154174950467
0.355291262967691,0.054592359547892114,-0.005991388004614781,-0.20096658520356578,-0.0030714558607443376,0.006326820949253832,0.02188214154258039,0.07720475087223312,0.037153874551571146,0.034180261810333165
0.3384359229428793,0.028739364439447003,-0.014096125581664481,-0.16326317901749374,0.03797392661087838,-0.01893299497646194,-0.003961567870067826,0.10713132212245155,0.08989415207390938,0.029050928125077716
0.4700329470902064,-0.303037079855344,-0.20331359403318716,0.035368085873478276,-0.155733834991179,-0.02190157956046089,-0.005159321468470111,0.044521028580347545,-0.0027604509156430816,-0.007163173569342901
0.4911505294787808,-0.25947398537043365,-0.2401872652110202,0.007765642438969295,-0.1778489688108301,-0.0158763170929358,0.03534003019339882,0.05471980129694616,0.04044275712973086,-0.018443311138072183
0.3876732070556275,-0.26167033716569793,-0.15746538813557975,-0.010812834753660766,-0.015105293180646365,0.08199824789108573,0.11263036794571807,0.0026911209303427594,0.10430064033421446,-0.009353097634719726
0.4115008689534295,-0.20726614109736063,-0.006487324257418117,-0.026527525630806313,0.019549710002816356,0.021793442114768885,0.08962889339606538,-0.05281598382034308,0.09496653201663882,-0.02485440621670916
0.42732795719770045,0.08050474326956808,-0.03304243453803665,-0.1267219219773529,0.014614890612415082,0.02879694414090131,0.045422000656321,0.006027600129125232,0.008578657762982701,0.03116197818584332
0.4361135792474203,0.062355639660303684,0.004917741316249211,-0.1374809012560074,0.05644026299881558,0.016576019802552057,0.03962208817161515,-0.026265654077177125,0.024434431443970332,0.01777551905943811
0.4222922170715443,0.051408514041365726,0.015438943599107663,-0.14210800594495984,0.07833313557348351,0.01674430284149228,0.04300763638687989,-0.03286486081164662,0.04780618178585436,0.0062751743575951285
0.4151963104557627,0.04042764763373407,0.014490834896809995,-0.16099907865144208,0.07045962902971764,0.016783068450048483,0.03210342665876205,-0.021975912008297377,0.05017670516151218,0.011690971475359899
0.4365523200254955,0.038475203164860486,0.007196618089539031,-0.1614492707980371,0.062323835296865804,0.00942013895336409,0.020620647744648397,-0.01486133014366095,0.045392379215648815,0.027869006271140445
0.5002073051390408,-0.2277058323905153,-0.24211463857527643,0.04104126020763547,-0.17550493880260262,-0.004755961717453752,0.04000485861539839,0.053750268697233206,0.022565313457203764,-0.02419521322641313
0.53635157374086,-0.22497282221333284,-0.23362387430897497,0.04508857130647603,-0.12640052075178937,0.017310929107420256,0.03863744521031384,0.03958620311004939,0.016226232226726117,-0.033818111106412085
0.5617009136213429,-0.22237320294893706,-0.23235624372767857,0.035796587260802315,-0.1075043928698055,0.04095447240309669,0.049390872939066376,0.01999138683924004,-0.003624666926047208,-0.03670115634102533
0.5835995841530555,-0.2028714430817171,-0.22731621616360526,0.09328455589417553,-0.08577932737273139,0.02563763008270188,0.04437946199331882,0.012454629197715741,0.007238011444779181,-0.011971487117692442
0.6260013248119507,-0.10654544683123059,-0.05108142058819813,0.014449814236308,-0.013635363931850636,-0.0033029317734094704,-0.024068073018654754,0.01976367700758125,-0.025363146073764983,0.02294175314070651
0.6265709565617221,-0.0034283646219142178,0.0385616136607937,-0.01707432987984694,-0.04840789299008533,-0.01023269327755863,-0.02173871568902433,0.09051119746272479,0.005948406910747665,0.007440910035782233
0.5628166634554422,-0.14890086149416984,-0.22054337281158198,0.034139538361122435,-0.03591674130112574,0.1207670952849368,0.0297020402182716,0.1266910852996032,0.03386291974919177,0.020265313571119825
0.605756305104624,-0.14166404649405578,-0.0398040202336863,-0.03613608289193114,-0.0352724986942525,0.002529880671436169,0.006215681779847351,0.015825408992518178,0.048115062470145034,0.025035859974371938
0.48142433691690706,0.15089966060363083,-0.021160858964093185,-0.03501993007761232,0.025192467160441295,0.0054841123099864456,0.04932780884672497,-0.016364767235241676,0.01953742439818987,0.01931677992219985
0.45256967859623076,0.06115956155300804,-0.001083431820497499,-0.13843197577190058,0.047011921824631625,0.014859869198257748,0.02451753021335222,-0.024719704599363207,0.02244789470620028,0.02520017656440446
0.46925553001376924,0.03907916689501668,-0.0034494284117626284,-0.16216045128528866,0.04716579470296031,0.011466494088711199,0.003969203048698404,-0.023024392997893536,0.032993094009381316,0.03648727077963487
0.5801435964406485,-0.1507175378594708,-0.17878314103437346,0.09370825146533422,-0.11193129268244267,0.0020571556272504093,0.04368137452843651,0.017092237708247693,-0.026884526986243468,-0.022695951117591234
0.6134766936443212,-0.07617923222499946,-0.07586731063752804,0.06685088497784407,-0.057065061139395745,-0.0010695128954753969,-0.0009829170390202452,0.0591783398735441,-0.004096324929858923,0.0010795427744413055
0.6318405735966537,-0.039286009121986376,-0.0641393018121481,-0.007374117431258244,-0.050616472197006185,0.06339926374290006,0.027943781280344165,0.06756370656854761,0.017564020634038044,0.013233513011689318
0.6204325780131,-0.05382569988360668,-0.03506721322240754,-0.0271857360718395,-0.07781265098953291,0.014889596617258513,0.046104325129957095,0.02208024312074535,0.06163999025121149,0.007433483162803262
0.5734046272989,-0.08034533733888835,-0.015752118512667543,-0.020991001210934654,-0.08906247693003509,-0.0406891862093631,0.059118982827308784,5.2404865058766625e-05,0.11714204212794177,-0.014972720962613928
0.480211526835071,0.24206445384360475,-0.03910611129862873,0.06368656914493974,-0.0003096568058065796,-0.011768101780406368,0.06858696874010047,0.02351319993220479,0.04221133202949215,0.012083694056839733
0.48871831367064245,0.22205430853218114,-0.0408376558677046,0.03920123240316684,-0.0016772660040193788,-0.01408508553692353,0.06085536466547707,0.024696730662980407,0.034281640080596094,0.014347778193362554
0.5060695794111585,0.09294430293433359,-0.015371555443098942,-0.05908495181254865,0.03594132084018961,-0.019269290419808335,0.02302961077188545,-0.048266324586425866,0.018782339106181874,0.02800427383101617
0.6938718288015442,0.23509974026178282,-0.11129145399543837,-0.05935869284381849,0.12376171658696261,0.1259600568629916,-0.05276527215887711,0.18765350049095256,-0.024911833313365744,-0.02603712826306509
0.7339539247485981,0.18563901899902446,-0.0794958596288323,-0.06617376180388135,0.07543668705683079,0.11883245105507065,0.017814934394955656,0.04312081583369677,-0.014167363218885273,-0.022900138157003813
0.7362371546739066,0.08220168959887918,-0.03625970294491415,-0.04143255840800719,-0.02998977908643502,0.09359863155888275,0.08574814089106711,-0.039267901736815325,0.014868565597284274,-0.021092532279851084
0.7112904468895525,0.014786642371359487,-0.01474095719594215,-0.028149128767164744,-0.10488805692809477,0.03759066717786816,0.12760779409890846,-0.10806055379080898,0.047931940708448674,-0.02100816128495306
0.6908126117306648,-0.005807616706534588,0.001940970643351525,-0.046945990037114915,-0.12950708131331895,0.008502947580516756,0.12771107480768776,-0.12620659766270137,0.04123010993863634,-0.023815453718755653
0.5795358276450094,0.3472300079201257,-0.020118951853715594,0.04090334072670532,0.09483015357761201,0.09235773236893888,0.05316891520422601,0.0985856770876555,0.03936022100126858,0.001339944567650908
0.5318631095764943,0.2771058651981866,-0.06935566888277991,0.07212385929816217,0.02071062225327157,0.04330869606679552,0.08742425349099911,0.02635719074432035,0.02483251294812463,-0.000582309951208615
0.5061384031283762,0.23594599387060095,-0.0801746683541108,0.087633776224245,-0.020479571032745558,-0.0020761281178615434,0.08181866815420923,0.005969511829852718,-0.007963311227798196,0.008461533250770925
0.5279325094587388,0.2151384704418206,-0.04239543566483581,0.044605550595930875,-0.00642663134357932,0.002869268275640227,0.05939039648937208,-0.027953762238635618,-0.036078990578213704,0.02031629091832654
0.49601717388585775,0.12114095659473406,-0.04358797434717357,0.009462529776400178,-0.06076001906368038,-0.08184497640913546,0.07093009927546885,-0.09530719064151466,0.022494211472700122,0.032393574980281975
0.7809369351239593,0.3236438831791596,-0.12963674459193514,-0.049239920828640725,0.08593548634219206,0.11387563132442229,-0.0016948107016672154,0.0666971036953283,-0.061418007049800875,-0.04841131764117937
0.8015577240714646,0.2725377177244315,-0.09088179399779628,-0.11145163327987925,0.1152954205612153,0.19633516562774603,0.027287835708428992,0.029350328558037098,-0.08205275628583059,-0.0386973215950219
0.7899301231616158,0.08788142174497764,-0.0076548251440240744,-0.001442104090614571,-0.056433255495853624,0.08367132929262432,0.11238473224020577,-0.08089885874934391,0.01695217443890639,-0.04120240485599841
0.7198463097061552,0.03809614287548197,-0.019238993697637305,-0.021061406517309686,-0.1564152649493966,0.013840713152352857,0.14507772405931094,-0.12479334555857283,0.04280418351389315,-0.03359707581770846
0.6939413395275746,0.031057510210256052,-0.002479982153415397,-0.016824881681147104,-0.12367634777903437,0.014483380792571138,0.12856620465477792,-0.104829291923812,0.05660654633117049,-0.043682404694801585
0.6553707412037091,0.49597220071962533,-0.025417410441381294,-0.03016968393513174,0.19195194063867835,0.0072655365805111005,-0.014807183807936136,-0.002447718109394509,0.01792731202904263,0.031644079871351816
0.6733645548788003,0.3779017755893912,-0.051778889261409486,0.0472946381188967,0.14417914437266488,0.19257861089684267,0.06407131430927812,0.0642576340516611,-0.028965272477705927,0.00032791812184404523
0.5596906268592303,0.3043693007188083,-0.08324259905572395,0.08318450174434712,-0.05261865680091213,0.001788506680099694,0.10080162451704969,0.015637110212310748,0.03291972376128205,0.013875067682354053
0.5439947133459837,0.25669561787054435,-0.13978783944569323,0.11753009912201283,-0.03221552676750192,0.028097099415714914,0.0784547509275596,0.03849232219631843,-0.013346487611965881,0.01761139789980065
0.4868822586743278,0.10938156810244802,-0.32011844867086253,0.1439527023053196,-0.025478811816397842,0.11747667705241328,0.10142885725044051,0.03250629105467431,-0.03691032382122586,0.03301636482373663
0.513318686756039,0.16084613897552205,-0.1437563937845855,0.08559625345441782,-0.0470276398451656,0.010674213643322883,0.06703830635004868,-0.03031403761438335,-0.024659791606486146,0.03332866868089199
0.7799353749460027,0.4485032463554287,-0.22999181259470414,-0.08774726887218656,0.1748087487775576,0.08508241984340714,-0.042331233231933635,-0.001618321278098328,-0.07143773727278456,-0.04133231170301965
0.7291145170508748,0.09263547970560707,-0.029178402846425394,0.08442120998246568,-0.16766416700585385,-0.031813585874451225,0.10437317533389577,-0.07508797312143936,0.053532479428291056,-0.05120307137381447
0.7074626774437126,0.056685813546855125,-0.04433980073434149,0.051749591719460655,-0.15679930480216273,-0.005591606257689674,0.12141432673219338,-0.0865399883922556,0.05789104751534997,-0.05290977726421245
0.6862151266718115,0.6469568785530511,0.007358908417630927,-0.02176154212380549,0.23767967093916287,-0.09568579999734005,-0.04564490046888606,-0.13212585240838037,0.024560835610578438,0.023692293660011243
0.6738077581375614,0.7674149612735106,-0.03701675902505802,-0.10403776945342968,0.2942424626365927,-0.1004114229992317,-0.09468880986520131,-0.11921536300423391,-0.053439096452952986,0.03973626641601244
0.6452390850214642,0.3471827986153633,-0.09922630956254083,0.15783444434387406,-0.05926495771586651,0.00530021289932394,0.09952271741997468,-0.03705699775202999,-0.01220839026347666,0.025232139032159734
0.6110748677939137,0.30865489622437203,-0.15045654157268432,0.15789996180331323,-0.07850469561046475,0.015433330148877902,0.08160846249833179,0.008241409409460516,-0.029928576788617024,0.03540230963345392
0.780318670267097,0.34724277410946847,-0.2910067506702833,0.05167654687489479,0.018473951265485067,0.11046186481217064,0.016132481740103455,-0.015864612223722888,-0.095297001388672,-0.048359873078492654
0.7254360483603683,0.13780530892287285,-0.40049561145909296,0.1300380170720771,-0.07355284614043696,0.12783676232543123,0.09641915402619244,-0.04503150482695192,-0.040304864170333264,-0.04670972451597
0.7465230289685882,0.15139810199817566,-0.19322170829471957,0.12444949808095757,-0.15738391079066028,0.030037644464616216,0.09377723870408802,-0.05407366386198609,-0.012320849192028634,-0.05530245711450482
0.7213292379708073,0.13530203336501626,-0.13733620070602082,0.11654219830463142,-0.14623590534564854,0.0002001629350828621,0.09607959192104185,-0.04318379570465813,0.020856441344255662,-0.053746539588617276
0.7050297019748728,0.9228589216473708,-0.15942971588454885,-0.007523344939148691,0.4203577087155381,0.18024280823854594,-0.11126710705530585,0.021109934383011786,-0.04618975094154458,-0.011148724448682978
0.7168491573104895,0.6721485808969012,0.01076632415093598,0.021810654109245695,0.23139570255827963,-0.024568996345459913,-0.0335831756902531,-0.10731291285232908,0.04157508903961835,0.0013247749183288304
0.720000828094044,0.8264253871437192,-0.05136112935186887,-0.02899459660857487,0.287178429300919,-0.09815254578275678,-0.09202984165435207,-0.14057956346389594,-0.0360820012923544,0.030940414146053807
0.7027881358561731,0.4244648748323841,-0.11077191714793044,0.32142156612306283,-0.060264987534674797,-0.045903451214000045,0.04510725756900752,-0.012021761200002833,-0.0020075528769041423,0.04947692794929259
0.7037886303309239,0.46150187606003984,-0.080693057497776,0.28472025490588637,-0.09696427688768994,-0.040626578105758045,0.06641306028046043,-0.022638266383643885,-0.03991310087272317,0.050592480616463764
0.7683732200389428,1.039994870676979,0.03332224527342437,0.035983147387407766,0.3608578116576721,0.19537404126600444,-0.15537437627401285,0.10926232351018797,-0.0387746425459016,-0.032868058159397834
0.7238223646323295,0.8882926939016658,-0.3009819218883598,0.04228605738571199,0.4535989246065433,0.2807104934790811,-0.11995731129927378,0.07782015190987301,-0.06581992254819571,-0.011260689540435298
0.8418990367505259,0.6595096881807649,0.06067366880974981,0.3482952781462386,-0.11527807158450698,-0.14886866577586724,0.02049110195611975,-0.07544114435185784,-0.03830753004703909,0.05653883849974506
0.834345700675029,1.0720831315511319,0.22849342614933482,0.042813759554558614,0.2797112162108054,0.07789743077260816,-0.24176408703613167,0.2585241760731696,0.02078462450880887,-0.03764123474257566
0.9293966207925952,1.1166525910450453,0.2886072928938503,-0.005557660044495108,0.27332865356827296,0.08670226418568795,-0.18456625596071813,0.15331592968642943,-0.05817329496742516,-0.04110963391040401
0.8971973930586804,0.5429709489175996,0.16466660322877452,0.3780970376341193,-0.27812682089534235,-0.16623162468408226,0.10627746680653943,-0.09732147752316711,0.01729224138248031,0.030561160153464384
0.891860258188161,0.5547154501176932,0.13567347070521169,0.4123242615678542,-0.2498983418421625,-0.1670427489664691,0.08136767100113607,-0.08635295563575372,0.00410746779832713,0.042240555594519724
0.8764383078511022,0.9977309095229998,0.3016070885176238,0.051908198159453335,0.10745145996467168,-0.08421978032979363,-0.181340821650226,0.1869104927856423,0.015105338696279677,-0.026409011743152744
0.8601102907692417,0.9219878504240981,0.23447259383831232,0.14435268341091817,-0.018155081835699444,-0.11537199143859336,-0.13572838145420157,0.136724514967404,0.004032042016194708,-0.012852326068882813
0.8739290483589162,0.800643241950478,0.3297531691819849,0.1568915029235378,-0.21759851076217526,-0.26170236007847286,-0.025942000880020466,-0.035514515912589445,0.0014225830566228226,-0.004562778748080087
0.856398304496728,0.669910954377388,0.05993433939721371,0.2447983399586728,-0.21841579022427313,-0.14117375244582556,0.03343185151178929,-0.014874983601210333,-0.0569011263581017,0.029194506813463306
0.9058857876461939,0.630827110012532,0.13036306516579826,0.3181408481001997,-0.25668963265438494,-0.16949275513354625,0.06493957957493235,-0.06305018571548722,-0.0336325686345411,0.03160707842278743
0.8827598156281914,0.8705599917963747,0.25006094511817417,0.13891335102216748,-0.05608473398835598,-0.19178341431258486,-0.10525186138082365,0.13332201427963228,-0.0029682028716432572,-0.0090433910802174
0.8757371280556441,0.7558330159130102,0.2404279730076342,0.1859949090774799,-0.22202989028135414,-0.27730542576124334,-0.02601927401520987,0.04180082436944124,-0.0031568342474182012,0.012888378925393462
