P0,P1,P2,P3,P4,P5,P6,P7,P8,WIN
numeric,numeric,numeric,numeric,numeric,numeric,numeric,numeric,numeric,numeric
0.102347775,-0.536459091,-0.072180356,0.098910832,0.032688825,0.270843075,0.453221582,0.1571561,-0.409151659,1
0.693586142,-0.29880924,0.092068005,-0.294450433,-0.273795855,0.659506063,0.120149023,-0.03000014,0.111705872,1
0.227973429,-0.389307681,0.61218952,0.265082208,0.429080946,0.059068982,0.164486818,0.548657538,0.118080248,1
0.209081599,0.091295717,-0.422491295,-0.294112925,0.42608194,0.061545164,0.738860718,0.313573794,0.10341677,1
-0.034058125,-0.235329176,-0.123771573,0.051050059,-0.736250048,0.07822673,-0.309970613,-0.751837008,-0.095044902,1
-0.499670837,-0.325827617,0.396349942,0.6105827,-0.033373247,-0.52221035,-0.265632818,-0.173179329,-0.088670527,1
0.347406108,-0.306417276,-0.065298072,0.350496738,-0.146215223,-0.187695019,0.414235257,-0.113750762,-0.489836475,1
0.938644475,-0.068767424,0.098950289,-0.042864527,-0.452699903,0.200967969,0.081162699,-0.300907002,0.031021056,1
0.473031762,-0.159265865,0.619071804,0.516668114,0.250176898,-0.399469112,0.125500493,0.277750676,0.037395431,1
0.454139932,0.321337532,-0.415609011,-0.042527019,0.247177892,-0.39699293,0.699874393,0.042666932,0.022731953,1
-0.147080371,0.110027007,-0.224375293,0.406232395,-0.031861036,-0.059206913,0.078802345,0.527099303,-0.519079207,1
0.085725985,0.155276227,-0.48443605,0.126466075,-0.383299437,0.241011628,0.056633448,0.237770464,-0.522266395,1
0.019726647,0.451618167,0.065044767,0.266912866,-0.396032419,0.24776125,-0.673110053,0.538679815,-0.060864866,1
0.010280732,0.691919865,-0.452295641,-0.012684701,-0.397531922,0.248999341,-0.385923103,0.421137943,-0.068196605,1
0.43471208,0.587978557,-0.577467339,-0.266726436,-0.339845219,0.330694167,0.032916737,0.222401191,-0.005553415,1
-0.030900632,0.497480116,-0.057345824,0.292806205,0.363031582,-0.269742914,0.077254531,0.801058869,0.000820961,1
0.560337734,0.735129968,0.106902536,-0.10055506,0.056546902,0.118920074,-0.255818028,0.613902629,0.521678492,1
0.524195063,0.008834558,-0.131360092,0.155779058,0.075137002,-0.607175862,0.616467466,-0.399446382,-0.010668505,1
0.150390993,0.066913916,0.116202198,0.383927454,-0.741613703,-0.171366523,-0.552736959,-0.463088684,-0.134997521,1
0.574822341,-0.037027392,-0.008969501,0.129885719,-0.683927,-0.089671697,-0.133897119,-0.661825436,-0.072354331,1
0.109209629,-0.127525833,0.511152015,0.68941836,0.018949802,-0.690108778,-0.089559324,-0.083167758,-0.065979956,1
0.700447996,0.110124019,0.675400375,0.296057095,-0.287534879,-0.30144579,-0.422631883,-0.270323998,0.454877576,1
0.090317799,0.353077564,-0.5235288,0.130223227,0.015950796,-0.687632596,0.484814576,-0.318251502,-0.080643434,1
0.681556165,0.590727416,-0.35928044,-0.263138038,-0.290533884,-0.298969608,0.151742017,-0.505407742,0.440214098,1
0.215943453,0.500228975,0.160841075,0.296394603,0.412342917,-0.899406689,0.196079812,0.073249937,0.446588473,1
0.104133527,-0.763752048,0.139124261,-0.149086676,0.260904207,0.099717394,0.611033186,-0.299745971,0.11730067,1
-0.349171588,-0.152868016,-0.414902776,-0.398841924,-0.385305111,0.746947756,-0.18757736,-0.038816832,0.019040373,1
-0.8147843,-0.243366457,0.105218739,0.160690717,0.317571691,0.146510675,-0.143239566,0.539840847,0.025414748,1
0.043524312,-0.691550772,0.372215749,-0.067795186,0.4344446,0.308662235,0.407253164,0.259909215,0.158032867,1
0.276330668,-0.646301552,0.112154991,-0.347561507,0.0830062,0.608880775,0.385084267,-0.029419624,0.154845679,1
-0.572532029,-0.438418936,0.362498389,0.160521963,-0.032367207,0.445491125,-0.452595413,0.36805388,0.029559299,1
-0.824230216,-0.003064759,-0.412121669,-0.118906849,0.316072188,0.147748766,0.143947384,0.422298974,0.018083009,1
-0.591423859,0.042184462,-0.672182426,-0.39867317,-0.035366213,0.447967307,0.121778487,0.132970135,0.014895821,1
-0.657423198,0.338526401,-0.122701609,-0.258226379,-0.048099196,0.454716929,-0.607965014,0.433879486,0.476297351,1
-0.684119954,-0.628070708,0.15637617,0.277705305,-0.028009593,-0.272617097,-0.022866471,-0.461927652,-0.048717907,1
-0.451313598,-0.582821488,-0.103684588,-0.002061015,-0.379447993,0.027601443,-0.045035369,-0.751256492,-0.051905095,1
-0.517312937,-0.286479549,0.44579623,0.138385776,-0.392180976,0.034351065,-0.77477887,-0.45034714,0.409496434,1
-0.536204767,0.194123849,-0.588884585,-0.420809357,-0.395179982,0.036827247,-0.20040497,-0.685430885,0.394832956,1
-1.001817479,0.103625408,-0.06876307,0.138723284,0.307696819,-0.563609834,-0.156067175,-0.106773206,0.401207331,1
-0.357129276,-0.207186547,-0.200229735,-0.10233813,0.186413415,-0.105184929,-0.131442795,0.481765202,-0.515598037,1
0.667986354,-0.313779702,0.356187335,-0.470143563,-0.060885059,0.363934794,-0.332862464,0.213414083,0.075234423,1
0.183481812,0.076325255,-0.158371965,-0.469806055,0.638992736,-0.234026105,0.285849231,0.556988017,0.066945321,1
-0.544162454,0.139805319,-0.374211544,-0.124305563,0.176538543,-0.815305438,-0.144270404,-0.164848851,-0.139805454,1
0.120735413,0.068104489,-0.453408209,-0.130518545,-0.343929033,-0.263504482,-0.192598016,-0.078470499,-0.599470041,1
0.554612677,-0.276138518,-0.0612395,-0.104962713,-0.284742827,-0.183047748,-0.060945127,-0.159665379,-0.529495112,1
0.680238331,-0.128987107,0.623130376,0.061208663,0.111649294,-0.39482184,-0.349679891,0.23183606,-0.002263205,1
0.661346501,0.351616291,-0.411550439,-0.49798647,0.108650288,-0.392345659,0.224694009,-0.003247685,-0.016926683,1
-0.187516196,0.559498907,-0.161207041,0.010097,-0.006723119,-0.555735309,-0.61298567,0.394225819,-0.142213063,1
0.311340096,-0.73347329,0.143182833,-0.604546126,0.122376603,0.104364666,0.135852802,-0.345660587,0.077642033,1
-0.364789439,-0.194177805,-0.506265526,-0.629933204,0.413129294,-0.275072518,0.31355576,-0.09267874,0.003522553,1
-0.129676768,-0.075956162,0.078292073,0.389326168,-0.602080058,0.791687681,-0.26451917,0.124059141,0.022890942,1
-0.614181311,0.314148795,-0.436267227,0.389663676,0.097797737,0.193726782,0.354192525,0.467633075,0.014601839,1
0.539812913,0.050144346,-0.039997342,0.386870338,-0.723297403,0.414844413,0.115334345,-0.345584473,0.004849315,1
0.074200201,-0.040354095,0.480124173,0.946402979,-0.020420601,-0.185592668,0.15967214,0.233073205,0.01122369,1
0.055308371,0.440249303,-0.554556642,0.387207846,-0.023419607,-0.183116486,0.73404604,-0.002010539,-0.003439788,1
-0.294698034,-0.644840278,0.00017663,0.28064819,-0.009693292,0.313593838,0.645204833,-0.344423441,0.091128929,1
-0.490328495,-0.227521765,0.391461865,0.228311372,-0.212529183,-0.113866166,0.187692228,-0.029203265,-0.499789599,1
-0.126506362,-0.259261797,0.499381654,0.055561126,0.018697914,0.1767735,0.402752046,0.331715168,-0.396414212,1
-0.019772538,0.368493011,0.149070715,-0.337462631,0.412091029,-0.032524411,0.688391182,0.488132862,0.116154216,1
0.120337723,-0.256512938,0.717568554,0.059149524,0.068009248,-0.452890274,0.521577326,-0.396093764,0.0493533,1
-0.315325293,0.315023025,0.114095229,0.2815912,-0.21939234,-0.362221328,0.232112832,0.142003186,-0.547073958,1
0.118551971,-0.029219981,0.506263938,0.307147031,-0.160206134,-0.281764594,0.363765721,0.060808306,-0.477099029,1
0.709790337,0.20842987,0.670512299,-0.086214233,-0.466690814,0.106898394,0.030693163,-0.126347934,0.043758503,1
0.476983981,0.16318065,0.930573056,0.193552087,-0.115252414,-0.193320146,0.05286206,0.162980905,0.046945691,1
0.225285795,0.598534827,0.155952999,-0.085876726,0.233186981,-0.491062505,0.649404857,0.217226,0.0354694,1
-0.390770546,0.851666663,0.146235639,0.142440424,-0.233624826,-0.354233615,-0.21044372,0.325370665,-0.093004167,1
0.406928851,0.475683625,0.646324137,-0.00475399,0.056788477,0.016862786,0.136268988,0.605094219,0.080346149,1
-0.320715416,0.539163689,0.430484558,0.340746502,-0.405665717,-0.564416547,-0.293850648,-0.116742649,-0.126404625,1
-0.12472061,-0.486554754,0.710686271,-0.192436382,0.246913296,0.005647819,0.56056365,-0.125186902,0.130038116,1
-0.740776951,-0.233422917,0.700968911,0.035880768,-0.219898511,0.142476709,-0.299284927,-0.017042238,0.001564549,1
-0.759668781,0.24718048,-0.333711904,-0.523314365,-0.222897517,0.144952891,0.275088973,-0.252125982,-0.013098929,1
-0.689613651,-0.065322494,-0.049462985,-0.325008288,-0.394938408,-0.065230041,0.191682045,-0.694239295,-0.046499387,1
-0.100942849,-0.106131836,0.013069088,-0.48102106,0.056568814,-0.326504519,0.440707531,-0.102067667,-0.480949597,1
0.490295518,0.131518015,0.177317449,-0.874382325,-0.249915867,0.062158469,0.107634972,-0.289223907,0.039907934,1
0.024682805,0.041019574,0.697438964,-0.314849684,0.452960935,-0.538278612,0.151972767,0.289433772,0.046282309,1
0.499741433,-0.108783683,0.694657857,-0.594784758,-0.248416364,0.060920378,-0.179551978,-0.171682035,0.047239673,1
0.266935077,-0.154032904,0.954718614,-0.315018438,0.103022037,-0.239298162,-0.15738308,0.117646805,0.050426861,1
0.01523689,0.281321273,0.180098557,-0.594447251,0.451461432,-0.537040521,0.439159717,0.1718919,0.03895057,1
-0.600819451,0.53445311,0.170381197,-0.366130101,-0.015350376,-0.400211631,-0.42068886,0.280036564,-0.089522997,1
0.429686302,0.203719291,0.410408937,-0.793090836,-0.076375473,0.27110331,-0.09614505,0.270431279,0.080640131,1
-0.004190962,0.547962298,0.018240229,-0.818646667,-0.13556168,0.190646576,-0.22779794,0.351626159,0.010665202,1
-0.297957964,0.267199355,0.194569359,-0.447590344,-0.538829667,-0.310176022,-0.526264685,-0.451405589,-0.126110643,1
0.1359193,-0.077043651,0.586738067,-0.422034513,-0.47964346,-0.229719288,-0.394611795,-0.532600468,-0.056135714,1
-0.348585243,0.313061305,0.072178768,-0.421697005,0.220234335,-0.827680187,0.224099899,-0.189026534,-0.064424817,1
0.242653123,0.550711157,0.236427128,-0.815058269,-0.086250345,-0.439017199,-0.10897266,-0.376182774,0.456432715,1
0.316312625,0.241360476,-0.007017898,-0.427909986,-0.300233241,-0.275879231,0.175772287,-0.102648183,-0.524089404,1
0.32575854,0.001058777,0.51032251,-0.148312419,-0.298733739,-0.277117322,-0.111414663,0.014893689,-0.516757665,1
0.008061015,0.732754893,0.28518327,-0.287294441,0.036972673,-0.568110059,-0.244615367,0.370048136,-0.066832426,1
0.068670231,0.660553617,0.052091782,-0.36858593,-0.13656772,-0.777054899,-0.040835344,-0.18960705,-0.107564623,1
-0.775822653,-0.008091681,0.447747833,-0.419409929,-0.008487218,-0.151856469,-0.465109464,0.108830113,-0.042238639,1
-0.341945389,-0.352334687,0.839916541,-0.393854098,0.050698988,-0.071399735,-0.333456574,0.027635233,0.02773629,1
-0.36083722,0.12826871,-0.194764274,-0.953049231,0.047699982,-0.068923553,0.240917326,-0.207448511,0.013072812,1
-0.421446435,0.200469986,0.038327215,-0.871757742,0.221240375,0.140021288,0.037137304,0.352206674,0.053805009,1
-0.307367605,0.369341556,-0.100577812,-0.014912594,-0.791110866,0.489911357,0.175978266,-0.378578848,-0.012435548,1
-0.772980317,0.278843115,0.419543703,0.544620047,-0.088234064,-0.110525724,0.220316061,0.20007883,-0.006061173,1
0.085328295,-0.1693412,0.686540713,0.316134143,0.028638845,0.051625836,0.77080879,-0.079852802,0.126556946,1
-0.530728046,0.083790636,0.676823353,0.544451293,-0.438172962,0.188454725,-0.089039787,0.028291863,-0.001916621,1
-0.549619876,0.564394034,-0.357857462,-0.01474384,-0.441171968,0.190930907,0.485334113,-0.206791881,-0.016580099,1
0.065900443,0.097299825,0.524682384,0.091934727,-0.558384266,0.779312932,0.103851134,0.099881457,0.098271578,1
-0.418604099,0.487404782,0.010123084,0.092272234,0.141493529,0.181352033,0.722562829,0.443455392,0.089982476,1
-0.712371102,0.206641839,0.186452215,0.463328558,-0.261774458,-0.319470565,0.424096083,-0.359576356,-0.04679337,1
-0.470118831,0.01158936,0.443731864,0.463159804,-0.611713355,-0.020490116,0.114740235,-0.531363323,-0.042648818,1
-0.555009999,0.788534697,-0.041468133,0.044411462,-0.627445344,-0.011264311,-0.040629366,-0.465537716,0.404089233,1
0.493137853,0.418452811,0.149113319,0.089647651,-0.329662713,0.103489214,0.793060497,-0.19797519,0.076085401,1
0.502583769,0.178151112,0.666453727,0.369245217,-0.32816321,0.102251123,0.505873547,-0.080433317,0.08341714,1
-0.365170759,0.866637126,-0.117883691,0.318133555,-0.446535623,-0.058662346,0.242567767,0.081956442,-0.056532718,1
0.184886244,0.909847228,0.441314486,0.230263196,0.007543202,-0.188741613,0.372672843,0.274721129,0.533342378,1
0.138761635,0.209891144,0.558533937,0.541995463,-0.559390306,-0.188388543,0.290813729,-0.441351751,-0.019958247,1
-0.715177164,-0.218452455,0.436849581,0.211573898,-0.432809308,0.438047978,0.15372656,-0.26045646,0.038035998,1
-0.165120161,-0.175242352,0.996047758,0.123703539,0.021269517,0.307968711,0.283831635,-0.067691774,0.627911095,1
-1.032874688,0.513243661,0.211710341,0.072591876,-0.097102896,0.147055242,0.020525856,0.094697986,0.487961237,1
0.073577582,-0.368123918,-0.229150607,0.256982744,-0.375178351,0.590185987,-0.667061121,0.192914295,-0.026317954,1
-0.410926961,0.021981038,-0.743709907,0.257320252,0.324699445,-0.007774912,-0.048349426,0.536488229,-0.034607057,1
0.318635915,-0.138082103,-0.222268324,0.508568649,-0.554082398,0.131647893,-0.706047445,-0.077992567,-0.107002771,1
0.934692256,-0.391213939,-0.212550964,0.2802515,-0.087270591,-0.005180997,0.153801132,-0.186137232,0.021470797,1
-0.165868628,0.252022854,-0.736827624,0.508906157,0.145795397,-0.466313006,-0.08733575,0.265581367,-0.115291873,1
0.864637125,-0.078710964,-0.496799883,0.081945422,0.084770299,0.205001935,0.23720806,0.255976082,0.054871255,1
0.136992859,-0.0152309,-0.712639462,0.427445914,-0.377683894,-0.376277397,-0.192911576,-0.465860786,-0.151879519,1
-0.283068676,-0.787817506,-0.442155109,0.12258018,-0.191916689,0.330615859,-0.198345855,-0.366160374,-0.023910345,1
0.099141095,-0.214993958,-0.715463173,-0.279599442,-0.337307451,0.086907968,-0.629105635,-0.24086854,-0.110853339,1
-0.366471617,-0.305492399,-0.195341658,0.279933199,0.365569351,-0.513529113,-0.584767841,0.337789139,-0.104478964,1
0.724643351,-0.708427493,-0.188405406,-0.228319025,0.13100386,-0.051159013,-0.056444008,-0.231471332,0.024951967,1
-0.375917533,-0.0651907,-0.712682066,0.000335632,0.364069848,-0.512291022,-0.297580891,0.220247266,-0.111810703,1
0.038531879,-0.142792682,-0.482371685,-0.198307953,-0.163767057,0.295852809,-0.832885658,0.318786646,-0.070121142,1
0.472409143,-0.487035688,-0.090202976,-0.172752122,-0.104580851,0.376309543,-0.701232768,0.237591766,-0.000146213,1
-0.012095399,-0.096930732,-0.604762276,-0.172414614,0.595296944,-0.221651356,-0.082521073,0.5811657,-0.008435316,1
0.579142967,0.14071912,-0.440513916,-0.565775879,0.288812264,0.167011632,-0.415593632,0.39400946,0.512422215,1
-0.063610131,-0.572746153,-0.171153496,0.198472956,-0.15790994,-0.423493504,-0.690343666,-0.393653014,-0.14106661,1
-0.148501299,0.204199184,-0.656353494,-0.220275387,-0.173641929,-0.4142677,-0.845713267,-0.327827407,0.305671441,1
0.899646553,-0.165882703,-0.465772042,-0.175039197,0.124140702,-0.299514175,-0.012023405,-0.060264881,-0.022332391,1
0.909092469,-0.406184401,0.051568366,0.104558369,0.125640205,-0.300752266,-0.299210355,0.057276991,-0.015000652,1
0.041337941,0.282301612,-0.732769052,0.053446706,0.007267793,-0.461665735,-0.562516134,0.219666751,-0.15495051,1
0.591394944,0.325511715,-0.173570874,-0.034423653,0.461346617,-0.591745002,-0.432411059,0.412431437,0.434924587,1
0.545270335,-0.374444369,-0.056351423,0.277308615,-0.105586891,-0.591391932,-0.514270172,-0.303641443,-0.118376039,1
-0.308668464,-0.802787968,-0.17803578,-0.05311295,0.020994107,0.035044589,-0.651357342,-0.122746152,-0.060381794,1
0.241388539,-0.759577866,0.381162397,-0.140983309,0.475072932,-0.095034678,-0.521252266,0.070018535,0.529493303,1
-0.626365988,-0.071091852,-0.40317502,-0.192094972,0.356700519,-0.255948147,-0.784558045,0.232408294,0.389543445,1
-0.305826128,-0.515853173,-0.20623991,0.910917026,-0.058752739,0.076375334,0.034068183,-0.031497435,-0.024204327,1
-0.375881258,-0.203350198,-0.490488829,0.712610949,0.113288151,0.286558266,0.117475111,0.410615879,0.009196131,1
-0.133628987,-0.398402677,-0.233209179,0.712442195,-0.236650746,0.585538716,-0.191880737,0.238828912,0.013340682,1
-0.218520156,0.37854266,-0.718409177,0.293693852,-0.252382735,0.59476452,-0.347250338,0.304654519,0.460078733,1
-0.078409895,-0.246463289,-0.149911338,0.690306007,-0.596464516,0.174398656,-0.514064194,-0.579572108,0.393277817,1
-0.562914437,0.143641667,-0.664470638,0.690643515,0.10341328,-0.423562243,0.104647501,-0.235998174,0.384988714,1
0.111429346,-0.168360861,-0.226326896,0.9640281,-0.415554794,0.127000622,-0.230867061,-0.032077951,-0.067344134,1
0.661486349,-0.125150758,0.332871281,0.876157741,0.03852403,-0.003078646,-0.100761985,0.160686736,0.522530963,1
-0.206268179,0.563335255,-0.451466136,0.825046078,-0.079848382,-0.163992115,-0.364067765,0.323076496,0.382581105,1
-0.556274584,-0.521754325,0.103267136,0.718486422,-0.066122067,0.332718209,-0.452908972,-0.019336407,0.477149821,1
-0.337783032,-0.260054807,0.129681815,0.478281755,0.222706274,0.065734622,-0.092958004,-0.238542776,-0.519374442,1
-0.175031806,0.097697388,-0.414627862,0.000209357,0.043308764,0.576136094,-0.031719973,-0.085758302,-0.489161172,1
0.271097434,-0.061753023,0.244483888,0.557117415,0.275029323,-0.102163806,0.083115489,-0.148531205,-0.496683872,1
0.862335801,0.175896828,0.408732249,0.16375615,-0.031455357,0.286499182,-0.249957069,-0.335687445,0.02417366,1
-0.005418727,0.864382842,-0.375605168,0.112644487,-0.14982777,0.125585714,-0.513262849,-0.173297685,-0.115776198,1
-0.046600091,0.669943093,0.019344648,0.418135393,0.610735735,-0.393156542,-0.050085214,0.206623242,-0.046758633,1
0.559474314,0.443150583,0.384544087,0.245216393,0.492023934,0.196463574,-0.144381244,0.395754708,0.060761306,1
-0.355425132,-0.220706739,0.179128103,0.006084831,-0.136101455,0.622296038,-0.602104056,-0.515710587,-0.021207482,1
0.069006217,-0.324648047,0.053956404,-0.247956904,-0.078414751,0.703990863,-0.183264216,-0.714447339,0.041435708,1
-0.839929674,0.169398218,-0.335431197,0.006422339,0.563776341,0.024335139,0.016607639,-0.172136653,-0.029496584,1
0.190576079,-0.1613356,-0.095403456,-0.420538396,0.502751243,0.69565008,0.341151449,-0.181741938,0.140666544,1
-0.537068188,-0.097855537,-0.311243035,-0.075037904,0.04029705,0.114370747,-0.088968187,-0.903578806,-0.06608423,1
0.051602614,-0.138664878,-0.248710961,-0.231050677,0.491804271,-0.146903731,0.160057299,-0.311407177,-0.50053444,1
0.642840981,0.098984973,-0.084462601,-0.624411942,0.185319591,0.241759257,-0.17301526,-0.498563417,0.020323091,1
0.177228268,0.008486532,0.435658915,-0.064879301,0.888196392,-0.358677824,-0.128677465,0.080094261,0.026697466,1
0.227855547,-0.037375417,0.558049506,-0.09077264,0.12913239,0.158826341,-0.87904205,-0.182284793,-0.03498836,1
-0.256648995,0.352729539,0.043490206,-0.090435132,0.829010186,-0.439134558,-0.260330355,0.161289141,-0.043277463,1
0.236051732,0.163578213,-0.00873719,0.101826718,0.486440617,-0.396496984,-0.082709047,-0.022658854,-0.54048706,1
0.478304003,-0.031474265,0.24854246,0.101657964,0.136501719,-0.097516534,-0.392064895,-0.194445821,-0.536342508,1
0.160606478,0.700221851,0.02340322,-0.037324058,0.472208131,-0.388509271,-0.525265599,0.160708625,-0.086417269,1
0.221215694,0.628020575,-0.209688268,-0.118615547,0.298667737,-0.597454112,-0.321485576,-0.398946561,-0.127149466,1
-0.431652198,-0.189815251,0.320856842,-0.14371496,0.835873343,-0.190779396,-0.304750958,-0.00991731,0.004006895,1
-0.189399926,-0.384867729,0.578136492,-0.143883714,0.485934445,0.108201053,-0.614106806,-0.181704277,0.008151447,1
-0.208291757,0.095735668,-0.456544323,-0.703078847,0.48293544,0.110677235,-0.039732906,-0.416788022,-0.006512031,1
-0.268900972,0.167936944,-0.223452835,-0.621787358,0.656475833,0.319622076,-0.243512928,0.142867164,0.034220166,1
-0.154822142,0.336808514,-0.362357862,0.235057789,-0.355875408,0.669512145,-0.104671966,-0.587918359,-0.032020391,1
-0.620434854,0.246310073,0.157763653,0.79459043,0.347001393,0.069075064,-0.060334171,-0.00926068,-0.025646016,1
-0.186557591,-0.097932934,0.549932362,0.820146262,0.406187599,0.149531798,0.071318719,-0.09045556,0.044328913,1
-0.011554388,0.444611856,0.272565726,0.87342609,0.399324442,-0.098823364,0.115739322,0.080750891,-0.002955445,1
0.230697883,0.249559378,0.529845376,0.873257336,0.049385544,0.200157086,-0.193616525,-0.091036076,0.001189107,1
0.145806714,1.026504715,0.044645378,0.454508994,0.033653555,0.20938289,-0.348986126,-0.025210469,0.447927158,1
0.291307098,0.177358102,0.296753888,0.791965847,-0.124154849,-0.008787755,0.010163497,-0.650691262,-0.03954309,1
-0.371006708,-0.400176026,0.30995859,0.487268867,0.411551254,0.399125051,0.314085065,-0.379203883,0.084281532,1
-0.20419969,-0.058584866,0.59937865,0.347949337,0.04737987,0.706093214,-0.437827334,-0.367623372,0.542495874,1
-0.688704233,0.331520091,0.08481935,0.348286845,0.747257665,0.108132315,0.180884361,-0.024049437,0.534206771,1
-0.576083084,0.257444186,0.183903418,0.155334482,0.20721586,-0.027096862,0.14375941,-0.18152558,-0.513968735,1
-0.343276728,0.302693407,-0.07615734,-0.124431838,-0.144222541,0.273121679,0.121590513,-0.470854419,-0.517155922,1
-0.409276066,0.599035346,0.473323477,0.016014953,-0.156955524,0.279871301,-0.608152989,-0.169945068,-0.055754393,1
-0.142205821,-0.086798821,0.576072127,0.180890314,0.266402066,0.053359873,0.2754123,-0.262720459,-0.443993806,1
0.449032546,0.150851031,0.740320487,-0.212470951,-0.040082614,0.442022861,-0.057660259,-0.449876699,0.076863726,1
-0.035471997,0.540955988,0.225761187,-0.212133443,0.659795181,-0.155938038,0.561051436,-0.106302765,0.068574623,1
0.146171059,0.418104786,0.716132325,-0.131010708,0.483396677,0.351987252,0.047915566,0.281565453,0.113451372,1
0.26738949,0.273702234,0.249949349,-0.293593686,0.136315891,-0.06590243,0.455475611,-0.837744918,0.031986977,1
0.032797382,0.45574597,0.298705491,0.234170142,0.259538909,-0.194995289,0.319832903,-0.091514008,-0.491278164,1
0.624035748,0.693395822,0.462953851,-0.159191123,-0.046945771,0.193667699,-0.013239655,-0.278670248,0.029579368,1
0.275049653,0.260693491,0.555985141,0.234001388,-0.090399989,0.10398516,0.010477056,-0.263300975,-0.487133612,1
0.381783477,0.8884483,0.205674202,-0.159022369,0.302993126,-0.105312751,0.296116192,-0.106883281,0.025434816,1
0.451838607,0.575945325,0.489923121,0.039283709,0.130952236,-0.315495683,0.212709264,-0.548996595,-0.007965642,1
0.017961344,0.920188332,0.097754412,0.013727877,0.07176603,-0.395952417,0.081056374,-0.467801715,-0.077940571,1
-0.210475199,-0.001588802,0.503127823,-0.265413271,0.666658339,0.092417124,0.516630832,-0.277509216,0.115858981,1
-0.82653154,0.251543034,0.493410463,-0.037096121,0.199846532,0.229246013,-0.343217745,-0.169364552,-0.012614586,1
0.031777072,-0.196641281,0.760407473,-0.265582025,0.316719441,0.391397573,0.207274985,-0.449296183,0.120003533,1
-0.835977455,0.491844733,-0.023929944,-0.316693688,0.198347029,0.230484104,-0.056030795,-0.286906424,-0.019946325,1
-0.038278058,0.115861694,0.476158554,-0.463888103,0.488760331,0.601580505,0.290681913,-0.00718287,0.153403991,1
-0.472155322,0.460104701,0.083989845,-0.489443934,0.429574125,0.521123771,0.159029023,0.07401201,0.083429062,1
-0.341490976,0.07540045,0.135147276,-0.372429346,0.083992842,0.101995998,0.279402117,-0.927756489,0.009296407,1
-0.332045061,-0.164901249,0.652487684,-0.092831779,0.085492345,0.100757907,-0.007784833,-0.810214617,0.016628146,1
-0.000426294,0.315624751,0.478982265,0.243157254,0.448383888,0.13839514,0.726875972,-0.232175116,0.112377811,1
0.232380062,0.360873972,0.218921508,-0.036609067,0.096945488,0.43861368,0.704707075,-0.521503955,0.109190624,1
-0.616482635,0.568756588,0.469264905,0.471474404,-0.018427919,0.27522403,-0.132972605,-0.124030451,-0.016095756,1
-0.262106417,0.777318255,0.059844287,0.019126591,0.211299674,0.567101787,0.369274163,0.11934611,0.079947892,1
-0.017048084,1.00736007,0.066726571,0.270712497,0.032395627,0.108563693,0.330287839,-0.151560752,-0.000736924,1
-0.367054489,-0.077729511,0.621459842,0.16415284,0.046121942,0.605274017,0.241446632,-0.493973654,0.093831792,1
-0.624142799,0.58176533,0.163229114,-0.056120671,0.20828796,0.10533644,0.31202595,-0.698474394,0.503024833,1
0.431682193,-0.2537403,-0.400022425,0.154163536,0.689276507,0.03096302,0.374803558,-0.33787903,0.050431468,1
0.057878123,-0.195660942,-0.152460135,0.382311932,-0.127474198,0.466772359,-0.794400867,-0.401521332,-0.073897548,1
-0.426626419,0.194444015,-0.667019435,0.38264944,0.572403598,-0.13118854,-0.175689172,-0.057947398,-0.08218665,1
-0.244983364,0.071592813,-0.176648297,0.463772175,0.396005093,0.376736751,-0.688825041,0.32992082,-0.037309902,1
0.232881325,0.346883848,-0.429826771,0.43559176,-0.134337355,0.218417197,-0.749980263,-0.230314881,-0.121181906,1
7.50E-05,0.301634628,-0.169766013,0.71535808,0.217101045,-0.081801343,-0.727811366,0.059013958,-0.117994718,1
0.858383582,-0.146549687,0.097230996,0.486872177,0.333973955,0.080350217,-0.177318636,-0.220917674,0.014623401,1
-0.009370946,0.541936327,-0.687106421,0.435760514,0.215601542,-0.080563252,-0.440624416,-0.058527914,-0.125326457,1
0.788328451,0.165953288,-0.187017923,0.288566099,0.506014845,0.290533148,-0.093911708,0.22119564,0.048023859,1
0.354451187,0.510196295,-0.579186632,0.263010268,0.446828639,0.210076414,-0.225564598,0.302390519,-0.02195107,1
0.610741187,0.272643455,0.156340676,0.546196232,0.497639477,-0.420825452,-0.393926268,-0.307876541,0.431148181,1
-0.601629622,-0.348100775,-0.389652799,0.329369611,0.579266755,0.117166622,-0.220109775,-0.229153849,-0.034902292,1
-0.167752358,-0.692343782,0.00251591,0.354925443,0.638452961,0.197623357,-0.088456886,-0.310348729,0.035072637,1
0.423486008,-0.454693931,0.16676427,-0.038435822,0.331968281,0.586286345,-0.421529445,-0.497504969,0.555930168,1
-0.061018534,-0.064588974,-0.34779503,-0.038098314,1.031846076,-0.011674554,0.19718225,-0.153931035,0.547641065,1
-0.005001133,-0.334591587,-0.541793767,-0.123146955,0.459055451,0.708024829,-0.027218855,-0.157564255,0.065285907,1
0.004444783,-0.574893286,-0.02445336,0.156450612,0.460554954,0.706786738,-0.314405805,-0.040022383,0.072617646,1
-0.607019745,-0.123960112,-0.07326347,0.388524913,0.392993379,-0.085028596,-0.746073255,-0.487899684,0.38576704,1
0.406082406,-0.268710762,-0.135903095,-0.021529594,0.902187303,-0.264608249,-0.078207929,-0.094464807,0.013960019,1
0.638888762,-0.223461542,-0.395963853,-0.301295915,0.550748903,0.035610291,-0.100376826,-0.383793646,0.010772832,1
-0.209973935,-0.015578926,-0.145620455,0.206787555,0.435375496,-0.127779359,-0.938056506,0.013679857,-0.114513548,1
0.144402283,0.192982741,-0.555041074,-0.245560257,0.66510309,0.164098398,-0.435809738,0.257056419,-0.0184699,1
0.389460616,0.423024557,-0.54815879,0.006025648,0.486199042,-0.294439696,-0.474796063,-0.013850443,-0.099154716,1
0.039454211,-0.662065024,0.006574482,-0.100534008,0.499925357,0.202270628,-0.56363727,-0.356263346,-0.004586,1
-0.217634099,-0.002570184,-0.451656247,-0.320807519,0.662091375,-0.297666949,-0.493057951,-0.560764085,0.404607042,1
0.032850631,-0.13482853,-0.538970056,0.583898401,0.418679008,0.244839464,0.408975205,-0.382556501,0.024259727,1
0.624088998,0.102821322,-0.374721695,0.190537137,0.112194327,0.633502452,0.075902646,-0.569712741,0.545117259,1
0.158476286,0.012322881,0.14539982,0.750069778,0.815071129,0.033065371,0.120240441,0.008944938,0.551491634,1
0.45955202,-0.027637917,-0.041716634,0.916607042,0.063376455,0.29422666,-0.143146989,-0.265595145,-0.01154834,1
0.202463711,0.631856924,-0.499947363,0.696333531,0.225542474,-0.205710917,-0.072567671,-0.470095884,0.397644702,1
-0.147542694,-0.453232657,0.054785909,0.589773875,0.239268789,0.290999407,-0.161408878,-0.812508786,0.492213418,1
0.549340437,-0.403930118,0.309289844,0.310047437,-0.171067648,-0.485000325,0.456620261,0.312531118,0.044242828,1
0.124909088,-0.29998881,0.434461542,0.564089172,-0.228754351,-0.56669515,0.037780421,0.51126787,-0.018400362,1
0.106017258,0.180614588,-0.600219273,0.004894039,-0.231753357,-0.564218968,0.612154322,0.276184126,-0.03306384,1
-0.136771035,0.161704694,0.015323564,0.340058509,-0.465838565,-0.137988503,-0.319821388,0.862789096,-0.050830282,1
-0.668420496,-0.800533685,0.079685698,0.152376117,-0.275713745,-0.14920347,0.104473274,0.132507975,-0.001138314,1
-0.50566927,-0.442781489,-0.464623979,-0.32569628,-0.455111256,0.361198003,0.165711305,0.285292449,0.029074956,1
0.329845617,-0.480841973,-0.183905006,-0.478120655,0.0457073,-0.52974025,0.533562071,0.149655145,0.040392259,1
0.380472895,-0.526703922,-0.061514415,-0.504013994,-0.713356702,-0.012236086,-0.216802514,-0.112723909,-0.021293567,1
0.555476098,0.015840868,-0.338881051,-0.450734166,-0.720219859,-0.260591248,-0.17238191,0.058482542,-0.068577926,1
0.564922013,-0.224460831,0.178459357,-0.1711366,-0.718720356,-0.261829339,-0.45956886,0.176024414,-0.061246187,1
0.08041747,0.165644126,-0.336099943,-0.170799092,-0.018842561,-0.859790238,0.159142835,0.519598348,-0.069535289,1
0.247224488,0.507235286,-0.046679883,-0.310118621,-0.383013944,-0.552822075,-0.592769564,0.53117886,0.388679052,1
0.392724872,-0.341911327,0.205428626,0.027338232,-0.540822349,-0.77099272,-0.23361994,-0.094301932,-0.098791196,1
-0.036782578,-0.874196234,-0.041427429,-0.557125069,-0.356554646,-0.062861373,0.04813273,-0.112143393,0.021846239,1
-0.121673747,-0.097250898,-0.526627427,-0.975873411,-0.372286635,-0.053635569,-0.107236871,-0.046317786,0.468584291,1
-0.097391794,-0.801994958,0.191664059,-0.475833579,-0.183014253,0.146083468,-0.155647292,0.447511793,0.062578436,1
0.14106296,-0.044716649,-0.346998195,0.460184736,-0.44316465,-0.26988579,0.777978858,0.150311775,0.010739348,1
0.383315231,-0.239769127,-0.089718545,0.460015982,-0.793103548,0.029094659,0.468623011,-0.021475192,0.014883899,1
0.298424063,0.53717621,-0.574918543,0.041267639,-0.808835537,0.038320463,0.31325341,0.044350415,0.46162195,1
-0.051582342,-0.547913371,-0.020185271,-0.065292017,-0.795109222,0.535030787,0.224412202,-0.298062487,0.556190667,1
-0.536086885,-0.157808414,-0.534744571,-0.064954509,-0.095231426,-0.062930112,0.843123897,0.045511447,0.547901564,1
0.126591267,-0.188674216,0.123537674,-0.345777231,-0.181194407,-0.328238556,0.936104022,0.080799991,0.089601155,1
-0.247212803,-0.130594858,0.371099964,-0.117628835,-0.997945113,0.107570783,-0.233100403,0.017157689,-0.034727862,1
-0.731717346,0.259510099,-0.143459335,-0.117291327,-0.298067317,-0.490390115,0.385611292,0.360731623,-0.043016964,1
-0.428855859,-0.007743655,-0.119271174,-0.19875157,-0.821546608,-0.400354507,0.280035467,-0.37071053,-0.07960461,1
0.311040384,0.113568876,0.363511446,-0.012899836,-0.186558062,-0.577831809,0.693337675,0.369548314,0.049648535,1
-0.305015957,0.366700712,0.353794086,0.215417314,-0.653369869,-0.441002919,-0.166510902,0.477692979,-0.078825032,1
0.553292655,-0.081483603,0.620791096,-0.01306859,-0.53649696,-0.278851359,0.383981828,0.197761347,0.053793087,1
-0.314461872,0.607002411,-0.163546321,-0.064180253,-0.654869372,-0.439764828,0.120676048,0.360151107,-0.086156771,1
0.483237525,0.231019372,0.336542177,-0.211374667,-0.364456069,-0.068668427,0.467388756,0.639874661,0.087193545,1
0.049360261,0.575262379,-0.055626532,-0.236930499,-0.423642276,-0.149125162,0.335735866,0.72106954,0.017218616,1
0.180024607,0.190558128,-0.004469101,-0.119915911,-0.769223559,-0.568252935,0.45610896,-0.280698959,-0.056914039,1
0.189470522,-0.049743571,0.512871307,0.159681656,-0.767724056,-0.569491026,0.16892201,-0.163157086,-0.0495823,1
-0.673914192,-0.237785471,-0.126153457,-0.450337476,-0.64264256,0.058183587,0.319021791,-0.099803668,0.001080206,1
-0.664468277,-0.47808717,0.39118695,-0.170739909,-0.641143057,0.056945496,0.031834841,0.017738205,0.008411945,1
-0.749359445,0.298858167,-0.094013047,-0.589488252,-0.656875046,0.0661713,-0.12353476,0.083563811,0.455149996,1
-0.310092059,-0.269525503,-0.018233668,-0.623087722,-0.411415464,0.348823253,0.534081609,0.261114766,0.104455593,1
-0.300646144,-0.509827202,0.49910674,-0.343490155,-0.409915961,0.347585162,0.246894659,0.378656638,0.111787332,1
-0.912110671,-0.058894028,0.45029663,-0.111415854,-0.477477536,-0.444230172,-0.184772791,-0.069220663,0.424936726,1
0.100991479,-0.203644678,0.387657004,-0.521470361,0.031716389,-0.623809825,0.483092535,0.324214214,0.053129706,1
0.333797835,-0.158395458,0.127596247,-0.801236682,-0.319722012,-0.323591284,0.460923638,0.034885375,0.049942518,1
-0.515064862,0.049487158,0.377939644,-0.293153212,-0.435095419,-0.486980935,-0.376756042,0.432358878,-0.075343862,1
-0.160688644,0.258048825,-0.031480974,-0.745501024,-0.205367825,-0.195103178,0.125490726,0.67573544,0.020699786,1
0.084369689,0.488090641,-0.024598691,-0.493915118,-0.384271873,-0.653641272,0.086504401,0.404828578,-0.05998503,1
-0.265636715,-0.59699894,0.530134581,-0.600474775,-0.370545558,-0.156930948,-0.002336806,0.062415675,0.034583686,1
-0.522725025,0.0624959,0.071903853,-0.820748286,-0.208379539,-0.656868525,0.068242512,-0.142085064,0.443776728,1
-0.272240295,-0.069762446,-0.015409956,0.083957635,-0.451791907,-0.114362112,0.970275669,0.03612252,0.063429414,1
0.318998072,0.167887406,0.148838404,-0.30940363,-0.758276587,0.274300876,0.63720311,-0.15103372,0.584286945,1
-0.146614641,0.077388965,0.66895992,0.250129011,-0.055399786,-0.326136205,0.681540905,0.427623959,0.59066132,1
0.154461094,0.037428167,0.481843465,0.416666275,-0.807094459,-0.064974916,0.418153475,0.153083877,0.027621346,1
-0.102627215,0.696923008,0.023612737,0.196392764,-0.644928441,-0.564912493,0.488732793,-0.051416863,0.436814388,1
-0.45263362,-0.388166573,0.578346009,0.089833108,-0.631202126,-0.068202169,0.399891586,-0.393829765,0.531383104,1
-0.092366015,-0.417735692,-0.796212217,0.050530821,-0.446483999,0.205674324,-0.026585505,0.399481704,-0.02361511,1
0.152692318,-0.187693877,-0.789329934,0.302116726,-0.625388047,-0.25286377,-0.06557183,0.128574842,-0.104299926,1
0.162138233,-0.427995576,-0.271989526,0.581714293,-0.623888544,-0.254101861,-0.35275878,0.246116714,-0.096968187,1
0.077247064,0.348949761,-0.757189524,0.16296595,-0.639620533,-0.244876056,-0.508128381,0.311942321,0.349769864,1
0.092083102,-0.115492601,-0.556238446,0.383408215,-0.451847653,-0.043918929,-0.269351852,0.688230028,-0.063567729,1
0.642140105,-0.072282498,0.002959731,0.295537856,0.002231171,-0.173998196,-0.139246776,0.880994714,0.526307368,1
-0.085504161,-0.008802434,-0.212879847,0.641038348,-0.460223022,-0.755277529,-0.569366412,0.159157847,0.319556594,1
0.110490644,-1.034520876,0.067321865,0.107855465,0.19235599,-0.185213163,0.285047886,0.150713594,0.575999336,1
0.27324187,-0.676768681,-0.476987812,-0.370216933,0.01295848,0.32518831,0.346285917,0.303498068,0.606212606,1
-0.454402397,-0.613288617,-0.692827391,-0.024716441,-0.449495713,-0.256091023,-0.083833719,-0.4183388,0.399461832,1
0.134268405,-0.654097959,-0.630295317,-0.180729214,0.002011508,-0.517365501,0.165191767,0.173832829,-0.034988378,1
0.725506772,-0.416448107,-0.466046956,-0.574090478,-0.304473172,-0.128702513,-0.167880792,-0.013323411,0.485869154,1
0.259894059,-0.506946548,0.054074559,-0.014557837,0.398403629,-0.729139594,-0.123542997,0.565334267,0.492243529,1
0.560969794,-0.546907346,-0.133041896,0.151979427,-0.353291044,-0.467978304,-0.386930427,0.290794185,-0.070796446,1
0.303881485,0.112587495,-0.591272624,-0.068294084,-0.191125025,-0.967915881,-0.316351108,0.086293446,0.338396596,1
-0.04612492,-0.972502086,-0.036539352,-0.17485374,-0.177398711,-0.471205557,-0.405192316,-0.256119457,0.432965312,1
0.311093634,-0.477005624,-0.4741641,0.336828423,-0.027417963,-0.137997055,0.782479977,0.078505822,0.565186427,1
0.233862628,0.286930971,-0.653328307,0.445675155,-0.269865832,0.041116338,0.182111821,0.718775371,0.492803888,1
-0.116143776,-0.79815861,-0.098595035,0.339115499,-0.256139517,0.537826662,0.093270614,0.376362469,0.587372604,1
-0.386676043,-0.435991949,0.353866376,0.236038985,0.127274331,-0.413190833,-0.450707924,0.236397952,-0.39413559,0
0.008881538,-0.032990533,-0.450504058,-0.521799734,-0.403561581,0.39742918,-0.411638791,0.099853587,-0.367109507,0
0.442758802,-0.37723354,-0.05833535,-0.496243902,-0.344375374,0.477885914,-0.279985901,0.018658708,-0.297134578,0
-0.02285391,-0.467731981,0.461786166,0.063288739,0.358501427,-0.122551167,-0.235648106,0.597316386,-0.290760203,0
-0.233370733,0.162061945,-0.707783708,-0.52163098,-0.053622683,0.09844873,-0.102282943,0.271640554,-0.371254058,0
-0.335512743,-0.267891526,-0.396565519,-0.124850071,-0.047765566,-0.620897583,0.040259048,-0.440799105,-0.442199526,0
0.223990175,-0.464983122,0.679973065,0.066877137,0.407812762,-0.752214942,-0.116822826,-0.130492547,0.15500731,0
0.617762005,0.165311251,-0.335701985,-0.442964074,-0.351238532,0.229530752,-0.235565297,0.189865159,-0.344418936,0
0.62720792,-0.074990448,0.181638422,-0.163366507,-0.349739029,0.228292661,-0.522752248,0.307407031,-0.337087197,0
0.394401564,-0.120239669,0.44169918,0.116399813,0.001699372,-0.07192588,-0.50058335,0.59673587,-0.333900009,0
0.282813638,-0.309891441,0.235576961,0.233583155,0.006056986,-0.790034102,-0.070854408,-0.233245662,-0.412177216,0
-0.571125161,-0.73823504,0.113892605,-0.09683841,0.132637985,-0.16359758,-0.207941578,-0.052350371,-0.354182971,0
-0.216748943,-0.529673373,-0.295528014,-0.549186222,0.362365579,0.128280177,0.29430519,0.191026191,-0.258139322,0
0.374489424,-0.292023522,-0.131279653,-0.942547487,0.055880898,0.516943165,-0.038767369,0.003869951,0.262718209,0
0.025503329,-0.724725852,-0.038248364,-0.549354976,0.012426681,0.427260626,-0.015050657,0.019239223,-0.253994771,0
0.132237152,-0.096971043,-0.388559303,-0.942378733,0.405819796,0.217962716,0.270588479,0.175656918,0.258573658,0
-0.384890291,-0.663284905,0.565170992,-0.011958523,0.355489713,-0.584316514,-0.29289632,-0.220504118,0.132316739,0
-0.405531599,-0.09354805,-0.458621202,0.389119168,-0.126506372,0.388134637,0.538721977,0.19168282,-0.287792234,0
-0.160473266,0.136493766,-0.451738919,0.640705074,-0.305410419,-0.070403457,0.499735653,-0.079224042,-0.36847705,0
0.021169789,0.013642564,0.038632219,0.721827809,-0.481808924,0.437521833,-0.013400217,0.308644177,-0.323600301,0
0.445601138,-0.090298744,-0.08653948,0.467786074,-0.424122221,0.519216659,0.405439623,0.109907425,-0.260957111,0
0.571226792,0.056852666,0.597830396,0.63395745,-0.0277301,0.307442566,0.116704859,0.501408863,0.266274795,0
-0.76756798,-0.289100974,-0.355236375,0.313871906,-0.129518086,-0.07363071,0.481473764,-0.626137684,0.135284708,0
-0.194372812,0.259177224,-0.143061378,-0.389456309,-0.630463288,0.598930874,-0.00909684,0.030998433,-0.317900611,0
-0.417733252,-0.026373696,0.634339787,0.169907578,-0.277525385,0.297474243,-0.274114893,0.437869144,-0.307381684,0
-0.502624421,0.750571641,0.149139789,-0.248840765,-0.293257373,0.306700047,-0.429484494,0.503694751,0.139356367,0
-0.009923694,0.561420315,0.096912394,-0.056578915,-0.635826943,0.349337621,-0.251863187,0.319746756,-0.35785323,0
0.615578562,0.06798678,0.623970161,-0.005298498,-0.167515632,0.21127064,0.32079844,0.329143964,-0.222047923,0
-0.252175965,0.756472794,-0.160367256,-0.056410161,-0.285888045,0.050357172,0.057492661,0.491533723,-0.361997781,0
-0.844434641,-0.133564309,0.137086366,-0.162801063,0.077777168,0.248087046,0.278007301,0.320907788,-0.271573617,0
-0.60218237,-0.328616787,0.394366016,-0.162969817,-0.27216173,0.547067496,-0.031348546,0.149120821,-0.267429065,0
-0.919879895,0.403079329,0.169226775,-0.301951839,0.063544682,0.256074759,-0.16454925,0.504275267,0.182496174,0
0.20445875,0.140265454,-0.004113747,-0.819191175,-0.359865789,0.38505443,-0.043268487,0.075675904,-0.29172887,0
-0.452778955,0.198957541,0.381118709,-0.285383119,-0.066114091,0.003141064,-0.43993943,0.563741495,-0.351184872,0
-0.375547949,-0.564979054,0.560282916,-0.394229851,0.176333777,-0.17597233,0.160428726,-0.076528054,-0.278802334,0
-0.212796724,-0.207226858,0.015973239,-0.872302249,-0.003063733,0.334429143,0.221666757,0.07625642,-0.248589063,0
-0.467578719,0.525240405,0.402360867,0.206449932,-0.504668667,0.601033225,-0.263659957,0.377822401,0.183159555,0
-0.217130263,0.531141557,0.092853822,0.398880536,-0.497299338,0.34469035,0.223317197,0.365661373,-0.318194593,0
-0.884834192,0.177748093,0.422447853,0.153338858,-0.147866612,0.550407937,0.001275286,0.378402917,0.226299362,0
-0.132222119,-0.698218781,-0.481814963,0.455081821,-0.071645554,-0.023549989,0.052773099,-0.181575339,-0.370401588,0
-0.389310428,-0.038723941,-0.940045692,0.23480831,0.090520464,-0.523487567,0.123352417,-0.386076078,0.038791454,0
0.416049132,-0.427715722,-0.133921402,0.61520897,0.154217888,0.017496424,0.02506657,0.468091418,-0.30697882,0
1.007287498,-0.19006587,0.030326958,0.221847705,-0.152266793,0.406159412,-0.308005989,0.280935178,0.213878712,0
0.58285615,-0.086124562,0.155498657,0.475889441,-0.209953496,0.324464587,-0.726845829,0.47967193,0.151235522,0
-0.634368761,-0.268765756,-0.946927975,-0.016777595,0.269424512,-0.064949473,0.162338741,-0.115169216,0.11947627,0
0.266609443,-0.817130551,-0.342867333,0.025346956,0.198951945,-0.237426433,0.018601452,-0.136897868,-0.344229847,0
0.196554312,-0.504627576,-0.627116252,-0.172959122,0.370992836,-0.027243501,0.10200838,0.305215445,-0.310829388,0
0.787792678,-0.266977725,-0.462867891,-0.566320386,0.064508155,0.361419487,-0.231064179,0.118059205,0.210028143,0
0.353915415,0.077265282,-0.8550366,-0.591876218,0.005321949,0.280962752,-0.362717069,0.199254085,0.140053214,0
0.028412964,-0.638239108,0.233582754,0.364268578,0.36411697,-0.739840192,-0.48519313,-0.106314863,0.079626673,0
0.613809786,-0.157135264,-0.647203238,-0.119848047,0.01419078,0.023381786,-0.162926864,0.304634929,-0.353969195,0
-0.216645369,-0.868280924,0.226700471,0.112682672,0.543021017,-0.281302098,-0.446206806,0.164591999,0.160311489,0
0.370537205,-0.614470037,-0.442780905,-0.619431461,0.42131021,0.310794199,0.033871065,0.118639721,0.25316795,0
-0.156036154,-0.9404822,-0.006391018,0.031391183,0.369480624,-0.490246939,-0.242426784,-0.395063186,0.119579292,0
-0.354264726,-0.264055177,-0.686824614,0.690099007,-0.120890829,-0.229154388,0.289176954,-0.511948429,0.082594642,0
0.800080929,-0.220344628,0.026268386,0.677307156,-0.013739188,0.401512141,0.167174395,0.326849795,0.253537349,0
-0.599323059,-0.494096993,-0.693706897,0.438513102,0.058013219,0.229383705,0.328163278,-0.241041567,0.163279458,0
0.341422636,-0.071736875,-0.13506331,-0.088036755,0.623022377,0.341484232,0.592270402,0.002843097,-0.205824699,0
0.350868552,-0.312038574,0.382277097,0.191560811,0.62452188,0.340246141,0.305083452,0.120384969,-0.19849296,0
-0.516885976,0.37644744,-0.40206032,0.140449148,0.506149468,0.179332672,0.041777673,0.282774729,-0.338442818,0
0.033171027,0.419657542,0.157137857,0.052578789,0.960228292,0.049253405,0.171882748,0.475539415,0.251432279,0
0.203230985,0.456685997,-0.397959144,0.11209998,-0.374131878,0.319993568,-0.328733396,-0.44924794,-0.41817027,0
0.828733241,-0.036747538,0.129098623,0.163380396,0.094179432,0.181926587,0.243928231,-0.439850732,-0.282364964,0
0.743842072,0.740197799,-0.356101375,-0.255367946,0.078447443,0.191152392,0.088558629,-0.374025125,0.164373088,0
0.567053118,0.424945965,-0.290039355,-0.060650266,-0.142904782,0.610633234,-0.113673579,-0.088329506,-0.314794883,0
0.576499033,0.184644266,0.227301053,0.2189473,-0.141405279,0.609395143,-0.400860529,0.029212366,-0.307463144,0
0.343692677,0.139395046,0.48736181,0.498713621,0.210033122,0.309176603,-0.378691631,0.318541205,-0.304275956,0
0.324800846,0.619998444,-0.547319005,-0.060481513,0.207034116,0.311652785,0.195682269,0.083457461,-0.318939434,0
0.813897203,0.427694824,-0.071852455,-0.057061869,-0.093593447,-0.01903054,0.005151701,-0.816138439,0.13097263,0
0.380019939,0.771937831,-0.464021164,-0.0826177,-0.152779654,-0.099487275,-0.126501188,-0.734943559,0.060997701,0
-0.631279963,-0.238298627,-0.357785172,0.005877831,0.339472232,0.218742993,0.201137091,-0.448086908,-0.331890657,0
-0.26745783,-0.270038659,-0.249865383,-0.166872415,0.570699328,0.509382659,0.416196909,-0.087168474,-0.22851527,0
-0.258011914,-0.510340358,0.267475025,0.112725152,0.572198831,0.508144568,0.129009959,0.030373398,-0.221183531,0
-0.575709439,0.221355759,0.042335784,-0.02625687,0.907905243,0.217151832,-0.004190745,0.385527844,0.228741708,0
0.315822849,-0.086707337,0.12905602,-0.263729886,0.835933173,0.045912963,0.139258916,0.24625732,-0.242296148,0
0.548629205,-0.041458117,-0.131004738,-0.543496206,0.484494773,0.346131503,0.117090018,-0.043071519,-0.245483335,0
-0.118054414,0.257535669,-0.263112689,-0.289285717,0.776746967,-0.034543772,0.007606026,0.3274522,-0.312271077,0
0.022055847,-0.36747028,0.30538515,0.107326438,0.432665187,-0.454909635,-0.15920783,-0.556774427,-0.379071993,0
0.429865405,0.220323731,-0.232042244,-0.119160055,0.074363629,-0.403046257,-0.136956124,-0.674896815,-0.429543539,0
-0.060251261,-0.2397599,-0.245806811,-0.622331866,0.432171724,0.514029931,-0.058983475,-0.133083091,-0.268173906,0
-0.057408925,0.047174895,-0.274010941,0.34169811,0.352424878,0.555360675,0.626442049,-0.041834374,-0.23199644,0
-0.04796301,-0.193126804,0.243329467,0.621295677,0.353924381,0.554122584,0.339255099,0.075707498,-0.224664701,0
-0.365660534,0.538569313,0.018190226,0.482313655,0.689630792,0.263129848,0.206054395,0.430861945,0.225260538,0
0.778887774,0.514866562,-0.102880297,0.199922751,-0.13296385,0.48548557,0.254383166,-0.499897476,0.208176276,0
0.127040193,0.349417986,-0.034037169,0.674575505,0.347061223,0.305767422,0.383675703,0.24691395,-0.271949059,0
0.415065641,0.546606594,-0.210800086,0.372672997,-0.364190947,0.194845903,0.039323348,-0.86081591,0.104800889,0
0.17281337,0.741659072,-0.468079736,0.372841751,-0.014252049,-0.104134546,0.348679196,-0.689028943,0.100656337,0
-0.540663737,-0.003975478,0.295556862,0.429033827,0.69649395,0.51148501,0.161633792,0.259655493,0.272544896,0
-0.270681486,0.503841476,0.166720582,-0.182835632,-0.209218742,0.684462087,-0.340216608,-0.003782009,-0.324748007,0
-0.311862849,0.309401727,0.561670399,0.122655274,0.551344762,0.165719832,0.122961026,0.376138917,-0.255730442,0
-0.512933757,0.698893955,-0.090559068,-0.182666878,0.140720156,0.385481638,-0.030860761,0.168004958,-0.328892558,0
0.156555925,0.824994462,-0.208848483,-0.185122708,0.019502811,0.008638369,0.348992755,-0.301638656,-0.346934185,0
0.198205206,0.072426731,0.589917133,-0.41426442,-0.110662133,0.260402712,-0.457795183,-0.401217852,-0.331976724,0
-0.03460115,0.027177511,0.84997789,-0.1344981,0.240776268,-0.039815829,-0.435626286,-0.111889012,-0.328789537,0
-0.477924329,0.611722216,-0.059531226,-0.439651498,0.180090559,-0.119034472,-0.280092225,-0.148236005,-0.406096205,0
-0.05349298,0.507780908,-0.184702925,-0.693693233,0.237777262,-0.037339647,0.138747615,-0.346972757,-0.343453015,0
0.072132674,0.654932319,0.499666951,-0.527521857,0.634169383,-0.24911374,-0.14998715,0.044528682,0.183778892,0
0.319775068,0.235739178,0.440557272,-0.586845912,0.470503861,0.252061928,0.066620482,0.131487549,-0.232745889,0
-0.216244206,0.150028713,0.359606752,-0.215620835,0.417174772,-0.547741119,0.077509584,-0.499757231,-0.373666285,0
0.374994161,0.387678565,0.523855113,-0.6089821,0.110690092,-0.159078131,-0.255562975,-0.686913471,0.147191247,0
-0.049437188,0.491619873,0.649026812,-0.354940365,0.053003389,-0.240772956,-0.674402815,-0.488176719,0.084548057,0
-0.058883103,0.731921572,0.131686404,-0.634537931,0.051503886,-0.239534865,-0.387215865,-0.605718591,0.077216318,0
-0.291689459,0.686672351,0.391747162,-0.354771611,0.402942286,-0.539753406,-0.365046967,-0.316389752,0.080403505,0
0.564833401,0.465780993,0.447439555,-0.335260007,0.291599814,-0.206476165,0.027634158,-0.139419313,-0.313430705,0
-0.461302539,-0.080013102,0.352724469,-0.467206741,0.59607882,-0.089203025,0.116495908,-0.228850369,-0.292981469,0
0.129935828,0.157636749,0.516972829,-0.860568005,0.28959414,0.299459963,-0.216576651,-0.416006609,0.227876063,0
-0.294495521,0.261578057,0.642144528,-0.60652627,0.231907436,0.217765137,-0.63541649,-0.217269857,0.165232873,0
-0.303941436,0.501879756,0.124804121,-0.886123837,0.230407933,0.219003228,-0.34822954,-0.334811729,0.157901134,0
-0.536747792,0.456630536,0.384864878,-0.606357516,0.581846334,-0.081215312,-0.326060643,-0.04548289,0.161088321,0
-0.042261313,0.040186253,0.543942099,-0.662093174,0.467492147,-0.209703419,0.009372269,-0.686332955,0.190331053,0
-0.286263062,0.324372189,0.297551069,0.298348404,0.338433966,0.461291101,0.575972513,0.132724695,-0.219258993,0
0.191601627,0.599663225,0.044372595,0.270167989,-0.191908482,0.302971547,0.514817291,-0.427511007,-0.303130997,0
0.145845425,-0.244992862,-0.581453621,0.209354686,0.579326585,0.353858981,0.223900098,0.027020781,-0.281205336,0
0.15529134,-0.485294561,-0.064113214,0.488952253,0.580826088,0.35262089,-0.063286852,0.144562653,-0.273873597,0
-0.162406184,0.246401556,-0.289252454,0.349970231,0.9165325,0.061628154,-0.196487555,0.499717099,0.176051642,0
0.982142124,0.222698805,-0.410322977,0.067579327,0.093937857,0.283983875,-0.148158785,-0.431042322,0.15896738,0
0.548264861,0.566941812,-0.802491686,0.042023495,0.034751651,0.203527141,-0.279811675,-0.349847442,0.088992451,0
0.330294543,0.05725023,-0.34147985,0.542232081,0.573962931,0.104265728,-0.018866248,0.315769104,-0.321157955,0
0.37606772,0.449491316,-0.775522416,0.240498327,0.212649658,-0.30563624,-0.053862755,-0.620173788,0.051447441,0
-0.337409387,-0.296143234,-0.011885818,0.296690403,0.923395657,0.309983316,-0.240908159,0.328510648,0.223336,0
0.190300769,-0.572466299,-0.033085372,0.231967633,0.620196491,-0.15189522,-0.312518316,-0.17167831,-0.351077243,0
0.353051994,-0.214714103,-0.577395049,-0.246104765,0.440798981,0.358506252,-0.251280286,-0.018893836,-0.320863972,0
0.297070866,-0.082870989,-0.161203075,0.551219193,0.76280791,0.437656157,0.388176821,0.175107996,0.28249802,0
-0.136806397,0.261372018,-0.553371784,0.525663361,0.703621704,0.357199423,0.256523931,0.256302876,0.212523091,0
0.774935555,0.192420047,-0.414381549,0.523038778,0.232465462,0.279336604,0.327021599,-0.385127705,0.198626016,0
0.411113422,0.224160079,-0.522301338,0.695789024,0.001238365,-0.011303062,0.111961782,-0.746046139,0.095250629,0
-0.284767582,-0.665685739,-0.220034914,0.205111438,-0.506881012,-0.203150777,0.333423331,0.027764172,-0.350816744,0
-0.541855891,-0.006190899,-0.678265642,-0.015162073,-0.344714993,-0.703088354,0.404002649,-0.176736568,0.058376297,0
0.263503669,-0.395182679,0.127858647,0.365238587,-0.28101757,-0.162104364,0.305716802,0.677430929,-0.287393977,0
0.854742035,-0.157532828,0.292107008,-0.028122678,-0.58750225,0.226558624,-0.027355757,0.490274689,0.233463555,0
0.430310687,-0.05359152,0.417278707,0.225919057,-0.645188953,0.144863799,-0.446195597,0.689011441,0.170820365,0
-0.786914224,-0.236232714,-0.685147925,-0.266747979,-0.165810945,-0.244550261,0.442988973,0.094170294,0.139061114,0
-0.310367369,-0.680656201,0.044084416,0.029418308,-0.293970215,-0.498722046,-0.119588156,0.271178394,-0.387288193,0
0.044008849,-0.472094534,-0.365336202,-0.422929505,-0.064242622,-0.206844289,0.382658612,0.514554956,-0.291244545,0
0.635247215,-0.234444683,-0.201087841,-0.81629077,-0.370727302,0.181818699,0.049586053,0.327398716,0.229612986,0
0.28626112,-0.667147013,-0.108056552,-0.423098259,-0.41418152,0.09213616,0.073302764,0.342767989,-0.287099994,0
0.392994944,-0.039392204,-0.458367491,-0.816122016,-0.020788404,-0.117161751,0.3589419,0.499185683,0.225468435,0
-0.1241325,-0.605706066,0.495362804,0.114298195,-0.071118488,-0.91944098,-0.204542898,0.103024647,0.099211516,0
0.055240516,-0.93968919,0.363308822,-0.391329446,0.165472263,-0.379208061,0.253283266,0.175194758,0.242539522,0
0.217991742,-0.581936995,-0.181000855,-0.869401844,-0.013925247,0.131193411,0.314521297,0.327979232,0.272752793,0
-0.308581617,-0.907949158,0.255389032,-0.2185792,-0.065754833,-0.669847727,0.038223448,-0.185723676,0.139164135,0
-0.506810189,-0.231522135,-0.425044564,0.440128624,-0.556126286,-0.408755176,0.569827186,-0.302608918,0.102179485,0
0.647535466,-0.187811586,0.288048436,0.427336773,-0.448974645,0.221911353,0.447824627,0.536189305,0.273122192,0
-0.751868522,-0.461563951,-0.431926848,0.188542718,-0.377222239,0.049782918,0.60881351,-0.031702056,0.182864301,0
-0.416869832,0.26560569,0.356698237,-0.175863875,-0.713002416,0.219930743,-0.385551676,0.656017066,0.153535502,0
-0.426315747,0.505907389,-0.160642171,-0.455461442,-0.714501919,0.221168834,-0.098364726,0.538475193,0.146203763,0
-0.601318949,-0.036637402,0.116724465,-0.50874127,-0.707638762,0.469523996,-0.14278533,0.367268742,0.193488121,0
-0.114790158,-0.507400215,0.490474727,-0.267973134,-0.250274423,-0.511096796,0.248782148,0.247000711,-0.311907557,0
0.047961068,-0.149648019,-0.05383495,-0.746045532,-0.429671934,-0.000695323,0.310020178,0.399785185,-0.281694286,0
-0.624076401,0.235326932,0.352639665,0.279595576,-0.574474812,0.215283471,0.089628708,0.701931682,0.193194139,0
-0.808525518,-0.06691616,0.112665893,-0.053281819,-0.569111158,0.464876724,0.332395054,0.413183359,0.233146758,0
-0.303555839,-0.523689892,-0.732487244,0.3077852,-0.329224579,-0.610256871,0.167285235,-0.233753764,0.052970589,0
0.850789816,-0.479979343,-0.019394244,0.294993349,-0.222072938,0.020409658,0.045282676,0.60504446,0.223913296,0
-0.548614172,-0.753731707,-0.739369528,0.056199294,-0.150320531,-0.151718777,0.206271559,0.037153098,0.133655406,0
0.044112422,-0.810702085,0.156892282,0.23893939,0.116412817,-0.616426565,-0.357853384,0.488120765,0.127206266,0
0.631294996,-0.556891198,-0.512589094,-0.493174743,-0.00529799,-0.024330267,0.122224486,0.442168487,0.220062727,0
0.104721638,-0.882903361,-0.076199206,0.157647901,-0.057127576,-0.825371405,-0.154073362,-0.071534421,0.086474069,0
0.02241453,-0.755192981,-0.627391167,-0.572010403,-0.057621039,0.143568161,-0.053849007,0.352156915,0.197372156,0
0.25175119,-0.008884763,-0.085427662,-0.02350247,0.238736464,-0.273083356,0.044630699,0.571776774,-0.492907466,0
-0.065897146,-0.331463073,0.266290166,-0.025730363,-0.15484248,-0.032171341,0.606532068,-0.227940017,-0.437146409,0
0.106299994,-0.214012576,0.239320897,-0.224205195,-0.332740487,0.476992041,0.380583148,0.042386329,-0.3996014,0
0.04849684,0.283282993,0.222015019,0.108840954,0.011834756,-0.071581662,0.447172649,0.502921619,-0.44369857,0
-0.104976676,-0.214805587,-0.130378942,0.198515435,-0.128732126,0.365953162,-0.115126901,-0.527871615,-0.52256163,0
0.258845457,-0.246545619,-0.022459153,0.025765189,0.10249497,0.656592829,0.099932916,-0.166953182,-0.419186243,0
-0.200631594,0.082726926,-0.150508532,-0.175483773,0.25621956,0.280564825,-0.48473146,0.157655921,-0.525632621,0
0.090600536,-0.0415496,0.316011369,-0.098876007,-0.085036334,0.353578413,0.253243402,-0.552049299,-0.447180993,0