TL,TM,TR,ML,MM,MR,BL,BM,BR,WIN
numeric,numeric,numeric,numeric,numeric,numeric,numeric,numeric,numeric,numeric
0.204695551,-1.072918183,-0.144360711,0.197821664,0.06537765,0.54168615,0.906443163,0.3143122,-0.818303318,1
1.387172283,-0.597618479,0.18413601,-0.588900865,-0.547591711,1.319012126,0.240298046,-0.06000028,0.223411745,1
0.455946859,-0.778615361,1.224379041,0.530164417,0.858161892,0.118137964,0.328973635,1.097315077,0.236160495,1
0.418163198,0.182591434,-0.844982589,-0.58822585,0.85216388,0.123090328,1.477721435,0.627147588,0.206833539,1
-0.068116249,-0.470658352,-0.247543147,0.102100118,-1.472500097,0.156453461,-0.619941225,-1.503674015,-0.190089803,1
-0.999341674,-0.651655233,0.792699883,1.2211654,-0.066746494,-1.044420701,-0.531265636,-0.346358658,-0.177341053,1
0.694812217,-0.612834552,-0.130596144,0.700993475,-0.292430445,-0.375390038,0.828470515,-0.227501525,-0.979672951,1
1.877288949,-0.137534849,0.197900577,-0.085729054,-0.905399806,0.401935938,0.162325397,-0.601814005,0.062042112,1
0.946063525,-0.31853173,1.238143608,1.033336228,0.500353797,-0.798938224,0.251000987,0.555501352,0.074790863,1
0.908279864,0.642675065,-0.831218022,-0.085054039,0.494355785,-0.79398586,1.399748787,0.085333863,0.045463907,1
-0.294160742,0.220054014,-0.448750585,0.812464791,-0.063722072,-0.118413825,0.157604691,1.054198606,-1.038158415,1
0.17145197,0.310552455,-0.968872101,0.25293215,-0.766598873,0.482023256,0.113266896,0.475540927,-1.04453279,1
0.039453294,0.903236333,0.130089534,0.533825731,-0.792064839,0.4955225,-1.346220107,1.07735963,-0.121729731,1
0.020561463,1.383839731,-0.904591281,-0.025369402,-0.795063845,0.497998682,-0.771846206,0.842275885,-0.136393209,1
0.869424161,1.175957115,-1.154934679,-0.533452872,-0.679690438,0.661388333,0.065833473,0.444802381,-0.011106829,1
-0.061801264,0.994960233,-0.114691649,0.58561241,0.726063165,-0.539485829,0.154509063,1.602117738,0.001641921,1
1.120675469,1.470259936,0.213805073,-0.20111012,0.113093804,0.237840147,-0.511636055,1.227805259,1.043356984,1
1.048390125,0.017669115,-0.262720184,0.311558116,0.150274004,-1.214351723,1.232934931,-0.798892763,-0.021337009,1
0.300781986,0.133827831,0.232404396,0.767854908,-1.483227406,-0.342733045,-1.105473918,-0.926177369,-0.269995042,1
1.149644683,-0.074054785,-0.017939001,0.259771438,-1.367853999,-0.179343394,-0.267794238,-1.323650872,-0.144708662,1
0.218419259,-0.255051666,1.022304029,1.37883672,0.037899604,-1.380217556,-0.179118649,-0.166335515,-0.131959911,1
1.400895991,0.220248037,1.350800751,0.59211419,-0.575069757,-0.60289158,-0.845263767,-0.540647995,0.909755152,1
0.180635598,0.706155129,-1.047057601,0.260446453,0.031901592,-1.375265192,0.969629151,-0.636503004,-0.161286867,1
1.363112331,1.181454832,-0.718560879,-0.526276076,-0.581067769,-0.597939216,0.303484034,-1.010815484,0.880428196,1
0.431886906,1.00045795,0.321682151,0.592789206,0.824685834,-1.798813378,0.392159623,0.146499873,0.893176946,1
0.208267055,-1.527504096,0.278248521,-0.298173351,0.521808415,0.199434788,1.222066372,-0.599491941,0.234601339,1
-0.698343176,-0.305736033,-0.829805553,-0.797683847,-0.770610221,1.493895512,-0.375154721,-0.077633664,0.038080745,1
-1.629568601,-0.486732915,0.210437477,0.321381434,0.635143382,0.293021351,-0.286479131,1.079681693,0.050829496,1
0.087048624,-1.383101544,0.744431497,-0.135590373,0.868889201,0.61732447,0.814506328,0.51981843,0.316065733,1
0.552661336,-1.292603103,0.224309982,-0.695123014,0.1660124,1.217761551,0.770168533,-0.058839248,0.309691358,1
-1.145064058,-0.876837871,0.724996777,0.321043927,-0.064734414,0.89098225,-0.905190826,0.736107759,0.059118598,1
-1.648460431,-0.006129517,-0.824243337,-0.237813699,0.632144376,0.295497533,0.287894769,0.844597949,0.036166018,1
-1.182847719,0.084368924,-1.344364853,-0.79734634,-0.070732426,0.895934613,0.243556974,0.26594027,0.029791642,1
-1.314846395,0.677052802,-0.245403218,-0.516452758,-0.096198392,0.909433858,-1.215930029,0.867758973,0.952594701,1
-1.368239909,-1.256141417,0.31275234,0.555410611,-0.056019185,-0.545234195,-0.045732943,-0.923855305,-0.097435815,1
-0.902627196,-1.165642976,-0.207369175,-0.00412203,-0.758895987,0.055202886,-0.090070738,-1.502512983,-0.10381019,1
-1.034625873,-0.572959097,0.891592459,0.276771552,-0.784361953,0.068702131,-1.54955774,-0.900694281,0.818992869,1
-1.072409534,0.388247698,-1.177769171,-0.841618715,-0.790359964,0.073654495,-0.40080994,-1.37086177,0.789665913,1
-2.003634958,0.207250816,-0.13752614,0.277446567,0.615393638,-1.127219667,-0.312134351,-0.213546413,0.802414663,1
-0.714258551,-0.414373094,-0.400459469,-0.204676259,0.37282683,-0.210369857,-0.26288559,0.963530405,-1.031196074,1
1.335972709,-0.627559404,0.71237467,-0.940287126,-0.121770118,0.727869588,-0.665724928,0.426828165,0.150468847,1
0.366963624,0.15265051,-0.31674393,-0.939612111,1.277985473,-0.46805221,0.571698462,1.113976033,0.133890641,1
-1.088324909,0.279610637,-0.748423087,-0.248611127,0.353077086,-1.630610875,-0.288540809,-0.329697701,-0.279610907,1
0.241470827,0.136208978,-0.906816417,-0.261037089,-0.687858067,-0.527008964,-0.385196033,-0.156940999,-1.198940082,1
1.109225354,-0.552277035,-0.122479,-0.209925426,-0.569485654,-0.366095495,-0.121890253,-0.319330758,-1.058990224,1
1.360476663,-0.257974214,1.246260752,0.122417326,0.223298588,-0.789643681,-0.699359782,0.463672119,-0.00452641,1
1.322693002,0.703232582,-0.823100878,-0.99597294,0.217300576,-0.784691317,0.449388019,-0.00649537,-0.033853366,1
-0.375032392,1.118997813,-0.322414083,0.020194,-0.013446237,-1.111470618,-1.225971341,0.788451638,-0.284426126,1
0.622680193,-1.46694658,0.286365665,-1.209092253,0.244753206,0.208729331,0.271705604,-0.691321174,0.155284066,1
-0.729578878,-0.38835561,-1.012531052,-1.259866408,0.826258589,-0.550145037,0.627111519,-0.185357481,0.007045105,1
-0.259353536,-0.151912323,0.156584146,0.778652336,-1.204160117,1.583375363,-0.52903834,0.248118282,0.045781883,1
-1.228362622,0.62829759,-0.872534454,0.779327351,0.195595474,0.387453565,0.708385049,0.93526615,0.029203677,1
1.079625827,0.100288692,-0.079994684,0.773740677,-1.446594805,0.829688826,0.230668691,-0.691168947,0.00969863,1
0.148400402,-0.08070819,0.960248346,1.892805959,-0.040841203,-0.371185336,0.31934428,0.466146411,0.022447381,1
0.110616741,0.880498605,-1.109113284,0.774415692,-0.046839214,-0.366232972,1.468092081,-0.004021078,-0.006879575,1
-0.589396068,-1.289680556,0.000353259,0.56129638,-0.019386585,0.627187676,1.290409666,-0.688846883,0.182257857,1
-0.98065699,-0.45504353,0.78292373,0.456622744,-0.425058366,-0.227732332,0.375384456,-0.058406531,-0.999579199,1
-0.253012724,-0.518523594,0.998763309,0.111122252,0.037395827,0.353547,0.805504091,0.663430337,-0.792828425,1
-0.039545076,0.736986023,0.298141431,-0.674925262,0.824182057,-0.065048821,1.376782363,0.976265725,0.232308433,1
0.240675446,-0.513025876,1.435137108,0.118299047,0.136018496,-0.905780549,1.043154652,-0.792187529,0.0987066,1
-0.630650585,0.630046051,0.228190458,0.5631824,-0.438784681,-0.724442656,0.464225663,0.284006371,-1.094147915,1
0.237103942,-0.058439963,1.012527876,0.614294063,-0.320412268,-0.563529187,0.727531443,0.121616612,-0.954198057,1
1.419580675,0.416859741,1.341024597,-0.172428467,-0.933381629,0.213796789,0.061386325,-0.252695868,0.087517006,1
0.953967963,0.3263613,1.861146112,0.387104174,-0.230504827,-0.386640292,0.10572412,0.325961811,0.093891381,1
0.45057159,1.197069654,0.311905998,-0.171753451,0.466373962,-0.982125009,1.298809715,0.434452,0.0709388,1
-0.781541092,1.703333327,0.292471278,0.284880848,-0.467249653,-0.70846723,-0.420887439,0.650741329,-0.186008335,1
0.813857701,0.951367249,1.292648274,-0.009507981,0.113576953,0.033725572,0.272537976,1.210188437,0.160692298,1
-0.641430831,1.078327377,0.860969117,0.681493003,-0.811331433,-1.128833093,-0.587701295,-0.233485297,-0.252809251,1
-0.24944122,-0.973109507,1.421372541,-0.384872764,0.493826592,0.011295639,1.1211273,-0.250373804,0.260076233,1
-1.481553902,-0.466845835,1.401937821,0.071761536,-0.439797023,0.284953418,-0.598569854,-0.034084475,0.003129098,1
-1.519337562,0.494360961,-0.667423809,-1.04662873,-0.445795035,0.289905782,0.550177946,-0.504251964,-0.026197858,1
-1.379227301,-0.130644989,-0.09892597,-0.650016576,-0.789876815,-0.130460081,0.383364091,-1.388478591,-0.092998774,1
-0.201885698,-0.212263673,0.026138177,-0.962042121,0.113137627,-0.653009038,0.881415062,-0.204135334,-0.961899195,1
0.980591035,0.263036031,0.354634898,-1.74876465,-0.499831733,0.124316939,0.215269945,-0.578447814,0.079815868,1
0.049365611,0.082039149,1.394877929,-0.629699368,0.905921869,-1.076557223,0.303945534,0.578867544,0.092564619,1
0.999482865,-0.217567367,1.389315713,-1.189569517,-0.496832727,0.121840757,-0.359103956,-0.343364069,0.094479346,1
0.533870153,-0.308065808,1.909437229,-0.630036876,0.206044074,-0.478596324,-0.314766161,0.235293609,0.100853722,1
0.03047378,0.562642547,0.360197114,-1.188894501,0.902922864,-1.074081041,0.878319434,0.343783799,0.077901141,1
-1.201638902,1.068906219,0.340762394,-0.732260202,-0.030700751,-0.800423262,-0.84137772,0.560073128,-0.179045994,1
0.859372604,0.407438583,0.820817875,-1.586181672,-0.152750947,0.54220662,-0.1922901,0.540862558,0.161280263,1
-0.008381923,1.095924596,0.036480457,-1.637293335,-0.27112336,0.381293152,-0.455595879,0.703252317,0.021330405,1
-0.595915928,0.534398711,0.389138717,-0.895180688,-1.077659333,-0.620352045,-1.052529371,-0.902811177,-0.252221286,1
0.271838599,-0.154087303,1.173476135,-0.844069025,-0.95928692,-0.459438576,-0.789223591,-1.065200937,-0.112271428,1
-0.697170486,0.62612261,0.144357535,-0.843394009,0.44046867,-1.655360374,0.448199799,-0.378053068,-0.128849633,1
0.485306247,1.101422314,0.472854257,-1.630116539,-0.17250069,-0.878034398,-0.217945319,-0.752365548,0.91286543,1
0.63262525,0.482720951,-0.014035795,-0.855819972,-0.600466483,-0.551758463,0.351544575,-0.205296366,-1.048178808,1
0.65151708,0.002117554,1.02064502,-0.296624839,-0.597467477,-0.554234645,-0.222829325,0.029787379,-1.03351533,1
0.01612203,1.465509787,0.570366539,-0.574588883,0.073945347,-1.136220117,-0.489230733,0.740096271,-0.133664853,1
0.137340461,1.321107234,0.104183563,-0.737171861,-0.27313544,-1.554109799,-0.081670689,-0.3792141,-0.215129247,1
-1.551645306,-0.016183361,0.895495666,-0.838819858,-0.016974436,-0.303712938,-0.930218927,0.217660226,-0.084477278,1
-0.683890779,-0.704669375,1.679833083,-0.787708195,0.101397976,-0.142799469,-0.666913148,0.055270467,0.05547258,1
-0.72167444,0.25653742,-0.389528547,-1.906098461,0.095399964,-0.137847105,0.481834653,-0.414897022,0.026145624,1
-0.842892871,0.400939972,0.076654429,-1.743515483,0.442480751,0.280042577,0.074274608,0.704413349,0.107610018,1
-0.61473521,0.738683111,-0.201155625,-0.029825188,-1.582221732,0.979822713,0.351956532,-0.757157697,-0.024871095,1
-1.545960635,0.55768623,0.839087405,1.089240094,-0.176468129,-0.221051448,0.440632122,0.40015766,-0.012122345,1
0.17065659,-0.3386824,1.373081425,0.632268286,0.05727769,0.103251671,1.541617581,-0.159705603,0.253113893,1
-1.061456092,0.167581273,1.353646705,1.088902586,-0.876345924,0.376909451,-0.178079573,0.056583726,-0.003833242,1
-1.099239753,1.128788068,-0.715714925,-0.02948768,-0.882343936,0.381861815,0.970668227,-0.413583763,-0.033160198,1
0.131800886,0.19459965,1.049364769,0.183869453,-1.116768533,1.558625864,0.207702267,0.199762915,0.196543157,1
-0.837208199,0.974809563,0.020246169,0.184544469,0.282987058,0.362704066,1.445125657,0.886910783,0.179964951,1
-1.424742204,0.413283678,0.372904429,0.926657115,-0.523548915,-0.63894113,0.848192166,-0.719152711,-0.093586739,1
-0.940237661,0.023178721,0.887463729,0.926319608,-1.223426711,-0.040980231,0.229480471,-1.062726645,-0.085297637,1
-1.110019999,1.577069395,-0.082936267,0.088822923,-1.254890689,-0.022528623,-0.081258732,-0.931075432,0.808178466,1
0.986275707,0.836905622,0.298226638,0.179295302,-0.659325426,0.206978428,1.586120993,-0.395950379,0.152170801,1
1.005167537,0.356302224,1.332907453,0.738490435,-0.65632642,0.204502246,1.011747093,-0.160866635,0.166834279,1
-0.730341518,1.733274251,-0.235767382,0.636267109,-0.893071245,-0.117324691,0.485135534,0.163912884,-0.113065437,1
0.369772488,1.819694457,0.882628973,0.460526391,0.015086404,-0.377483226,0.745345685,0.549442257,1.066684757,1
0.277523271,0.419782288,1.117067875,1.083990927,-1.118780613,-0.376777086,0.581627458,-0.882703502,-0.039916495,1
-1.430354327,-0.43690491,0.873699162,0.423147797,-0.865618615,0.876095957,0.30745312,-0.520912921,0.076071996,1
-0.330240322,-0.350484705,1.992095516,0.247407079,0.042539033,0.615937422,0.567663271,-0.135383547,1.255822189,1
-2.065749377,1.026487323,0.423420681,0.145183753,-0.194205792,0.294110484,0.041051712,0.189395972,0.975922474,1
0.147155164,-0.736247837,-0.458301215,0.513965488,-0.750356701,1.180371974,-1.334122242,0.38582859,-0.052635909,1
-0.821853922,0.043962077,-1.487419814,0.514640503,0.64939889,-0.015549824,-0.096698852,1.072976459,-0.069214114,1
0.637271829,-0.276164206,-0.444536648,1.017137299,-1.108164797,0.263295786,-1.41209489,-0.155985134,-0.214005541,1
1.869384511,-0.782427878,-0.425101928,0.560502999,-0.174541182,-0.010361993,0.307602264,-0.372274463,0.042941594,1
-0.331737256,0.504045708,-1.473655247,1.017812314,0.291590794,-0.932626012,-0.174671501,0.531162734,-0.230583747,1
1.72927425,-0.157421929,-0.993599766,0.163890844,0.169540599,0.41000387,0.47441612,0.511952164,0.10974251,1
0.273985718,-0.030461801,-1.425278924,0.854891828,-0.755367788,-0.752554795,-0.385823151,-0.931721571,-0.303759038,1
-0.566137353,-1.575635013,-0.884310219,0.245160361,-0.383833377,0.661231717,-0.39669171,-0.732320749,-0.04782069,1
0.19828219,-0.429987915,-1.430926346,-0.559198885,-0.674614901,0.173815936,-1.258211271,-0.48173708,-0.221706679,1
-0.732943235,-0.610984797,-0.390683316,0.559866397,0.731138702,-1.027058226,-1.169535681,0.675578277,-0.208957929,1
1.449286702,-1.416854986,-0.376810812,-0.456638051,0.262007719,-0.102318026,-0.112888017,-0.462942664,0.049903934,1
-0.751835065,-0.1303814,-1.425364131,0.000671264,0.728139696,-1.024582044,-0.595161781,0.440494533,-0.223621407,1
0.077063759,-0.285585363,-0.96474337,-0.396615906,-0.327534115,0.591705618,-1.665771315,0.637573292,-0.140242285,1
0.944818286,-0.974071377,-0.180405953,-0.345504243,-0.209161702,0.752619086,-1.402465535,0.475183532,-0.000292427,1
-0.024190799,-0.193861463,-1.209524553,-0.344829228,1.190593889,-0.443302712,-0.165042146,1.1623314,-0.016870632,1
1.158285934,0.28143824,-0.881027831,-1.131551757,0.577624528,0.334023265,-0.831187263,0.78801892,1.024844431,1
-0.127220261,-1.145492306,-0.342306993,0.396945911,-0.31581988,-0.846987009,-1.380687332,-0.787306028,-0.28213322,1
-0.297002599,0.408398368,-1.312706988,-0.440550774,-0.347283858,-0.8285354,-1.691426534,-0.655654814,0.611342883,1
1.799293107,-0.331765405,-0.931544083,-0.350078395,0.248281405,-0.59902835,-0.024046809,-0.120529762,-0.044664782,1
1.818184937,-0.812368803,0.103136732,0.209116738,0.251280411,-0.601504532,-0.59842071,0.114553982,-0.030001304,1
0.082675882,0.564603224,-1.465538103,0.106893413,0.014535585,-0.923331469,-1.125032269,0.439333501,-0.30990102,1
1.182789887,0.65102343,-0.347141749,-0.068847305,0.922693234,-1.183490004,-0.864822117,0.824862874,0.869849174,1
1.090540671,-0.748888739,-0.112702847,0.55461723,-0.211173783,-1.182783864,-1.028540345,-0.607282885,-0.236752078,1
-0.617336927,-1.605575937,-0.35607156,-0.1062259,0.041988215,0.070089179,-1.302714683,-0.245492303,-0.120763587,1
0.482777078,-1.519155731,0.762324795,-0.281966618,0.950145864,-0.190069356,-1.042504532,0.14003707,1.058986606,1
-1.252731977,-0.142183704,-0.80635004,-0.384189944,0.713401039,-0.511896293,-1.569116091,0.464816589,0.77908689,1
-0.611652256,-1.031706346,-0.41247982,1.821834052,-0.117505478,0.152750668,0.068136366,-0.062994869,-0.048408655,1
-0.751762517,-0.406700396,-0.980977659,1.425221897,0.226576303,0.573116532,0.234950221,0.821231758,0.018392262,1
-0.267257974,-0.796805353,-0.466418359,1.424884389,-0.473301493,1.171077431,-0.383761473,0.477657824,0.026681364,1
-0.437040312,0.757085321,-1.436818354,0.587387705,-0.50476547,1.18952904,-0.694500676,0.609309037,0.920157467,1
-0.156819789,-0.492926579,-0.299822677,1.380612014,-1.192929031,0.348797312,-1.028128388,-1.159144217,0.786555635,1
-1.125828874,0.287283335,-1.328941276,1.38128703,0.20682656,-0.847124486,0.209295002,-0.471996348,0.769977429,1
0.222858692,-0.336721722,-0.452653792,1.9280562,-0.831109588,0.254001243,-0.461734122,-0.064155901,-0.134688268,1
1.322972697,-0.250301517,0.665742563,1.752315483,0.077048061,-0.006157292,-0.201523971,0.321373472,1.045061925,1
-0.412536358,1.126670511,-0.902932272,1.650092157,-0.159696764,-0.327984229,-0.72813553,0.646152991,0.76516221,1
-1.112549167,-1.043508651,0.206534271,1.436972844,-0.132244135,0.665436419,-0.905817944,-0.038672813,0.954299642,1
-0.675566064,-0.520109614,0.259363631,0.95656351,0.445412549,0.131469244,-0.185916008,-0.477085552,-1.038748885,1
-0.350063613,0.195394777,-0.829255723,0.000418715,0.086617528,1.152272188,-0.063439947,-0.171516604,-0.978322344,1
0.542194868,-0.123506047,0.488967776,1.11423483,0.550058647,-0.204327612,0.166230979,-0.297062409,-0.993367743,1
1.724671601,0.351793656,0.817464498,0.3275123,-0.062910714,0.572998365,-0.499914139,-0.671374889,0.04834732,1
-0.010837454,1.728765684,-0.751210337,0.225288974,-0.299655539,0.251171427,-1.026525698,-0.34659537,-0.231552396,1
-0.093200181,1.339886186,0.038689296,0.836270786,1.22147147,-0.786313084,-0.100170429,0.413246483,-0.093517266,1
1.118948628,0.886301165,0.769088174,0.490432786,0.984047868,0.392927147,-0.288762488,0.791509416,0.121522611,1
-0.710850263,-0.441413478,0.358256206,0.012169662,-0.27220291,1.244592075,-1.204208113,-1.031421175,-0.042414963,1
0.138012434,-0.649296094,0.107912809,-0.495913808,-0.156829503,1.407981726,-0.366528433,-1.428894679,0.082871417,1
-1.679859348,0.338796436,-0.670862393,0.012844677,1.127552681,0.048670277,0.033215277,-0.344273306,-0.058993169,1
0.381152158,-0.322671201,-0.190806912,-0.841076793,1.005502486,1.391300159,0.682302897,-0.363483877,0.281333088,1
-1.074136375,-0.195711073,-0.62248607,-0.150075809,0.080594099,0.228741494,-0.177936373,-1.807157612,-0.13216846,1
0.103205229,-0.277329757,-0.497421923,-0.462101354,0.983608542,-0.293807462,0.320114598,-0.622814355,-1.001068881,1
1.285681961,0.197969947,-0.168925201,-1.248823883,0.370639181,0.483518514,-0.346030519,-0.997126835,0.040646182,1
0.354456537,0.016973065,0.871317829,-0.129758601,1.776392784,-0.717355647,-0.25735493,0.160188523,0.053394933,1
0.455711094,-0.074750835,1.116099011,-0.18154528,0.258264781,0.317652682,-1.758084099,-0.364569586,-0.06997672,1
-0.513297991,0.705459078,0.086980412,-0.180870264,1.658020372,-0.878269116,-0.520660709,0.322578282,-0.086554925,1
0.472103464,0.327156426,-0.017474379,0.203653436,0.972881233,-0.792993968,-0.165418094,-0.045317708,-1.080974119,1
0.956608006,-0.06294853,0.49708492,0.203315928,0.273003438,-0.195033069,-0.784129789,-0.388891642,-1.072685016,1
0.321212957,1.400443702,0.04680644,-0.074648116,0.944416261,-0.777018541,-1.050531197,0.32141725,-0.172834539,1
0.442431387,1.25604115,-0.419376536,-0.237231094,0.597335475,-1.194908223,-0.642971153,-0.797893121,-0.254298933,1
-0.863304395,-0.379630502,0.641713683,-0.287429921,1.671746686,-0.381558792,-0.609501917,-0.01983462,0.008013791,1
-0.378799853,-0.769735459,1.156272983,-0.287767428,0.971868891,0.216402107,-1.228213612,-0.363408554,0.016302894,1
-0.416583514,0.191471336,-0.913088647,-1.406157695,0.965870879,0.221354471,-0.079465811,-0.833576043,-0.013024062,1
-0.537801944,0.335873888,-0.44690567,-1.243574716,1.312951665,0.639244152,-0.487025856,0.285734328,0.068440332,1
-0.309644284,0.673617027,-0.724715725,0.470115579,-0.711750817,1.339024289,-0.209343932,-1.175836718,-0.064040782,1
-1.240869709,0.492620145,0.315527306,1.589180861,0.694002786,0.138150128,-0.120668342,-0.018521361,-0.051292031,1
-0.373115181,-0.195865868,1.099864723,1.640292524,0.812375198,0.299063596,0.142637437,-0.18091112,0.088657827,1
-0.023108776,0.889223713,0.545131451,1.74685218,0.798648884,-0.197646728,0.231478644,0.161501782,-0.00591089,1
0.461395766,0.499118756,1.059690751,1.746514672,0.098771088,0.400314171,-0.38723305,-0.182072152,0.002378213,1
0.291613429,2.05300943,0.089290756,0.909017987,0.06730711,0.41876578,-0.697972253,-0.050420939,0.895854316,1
0.582614197,0.354716204,0.593507775,1.583931694,-0.248309698,-0.017575511,0.020326994,-1.301382523,-0.079086181,1
-0.742013416,-0.800352051,0.61991718,0.974537734,0.823102507,0.798250102,0.62817013,-0.758407767,0.168563065,1
-0.408399381,-0.117169732,1.198757299,0.695898675,0.09475974,1.412186428,-0.875654667,-0.735246743,1.084991748,1
-1.377408466,0.663040182,0.169638699,0.69657369,1.494515331,0.21626463,0.361768722,-0.048098875,1.068413543,1
-1.152166169,0.514888373,0.367806836,0.310668965,0.41443172,-0.054193724,0.28751882,-0.363051159,-1.027937469,1
-0.686553456,0.605386814,-0.152314679,-0.248863676,-0.288445081,0.546243357,0.243181025,-0.941708838,-1.034311844,1
-0.818552133,1.198070692,0.946646955,0.032029906,-0.313911047,0.559742602,-1.216305977,-0.339890136,-0.111508786,1
-0.284411641,-0.173597641,1.152144253,0.361780628,0.532804133,0.106719745,0.5508246,-0.525440919,-0.887987611,1
0.898065092,0.301702062,1.480640975,-0.424941902,-0.080165228,0.884045721,-0.115320518,-0.899753399,0.153727452,1
-0.070943994,1.081911976,0.451522375,-0.424266886,1.319590363,-0.311876077,1.122102872,-0.212605531,0.137149246,1
0.292342118,0.836209571,1.432264651,-0.262021416,0.966793354,0.703974504,0.095831132,0.563130907,0.226902743,1
0.53477898,0.547404467,0.499898699,-0.587187372,0.272631781,-0.131804859,0.910951221,-1.675489836,0.063973955,1
0.065594764,0.91149194,0.597410981,0.468340284,0.519077818,-0.389990579,0.639665807,-0.183028017,-0.982556328,1
1.248071496,1.386791643,0.925907703,-0.318382246,-0.093891543,0.387335397,-0.026479311,-0.557340497,0.059158736,1
0.550099306,0.521386983,1.111970281,0.468002776,-0.180799978,0.20797032,0.020954112,-0.526601951,-0.974267225,1
0.763566954,1.7768966,0.411348403,-0.318044738,0.605986253,-0.210625502,0.592232384,-0.213766562,0.050869633,1
0.903677215,1.15189065,0.979846242,0.078567417,0.261904472,-0.630991365,0.425418528,-1.097993189,-0.015931283,1
0.035922687,1.840376664,0.195508824,0.027455754,0.14353206,-0.791904834,0.162112749,-0.93560343,-0.155881141,1
-0.420950398,-0.003177605,1.006255647,-0.530826542,1.333316678,0.184834247,1.033261664,-0.555018433,0.231717963,1
-1.65306308,0.503086068,0.986820927,-0.074192243,0.399693063,0.458492027,-0.68643549,-0.338729104,-0.025229172,1
0.063554144,-0.393282562,1.520814946,-0.53116405,0.633438882,0.782795146,0.41454997,-0.898592367,0.240007065,1
-1.671954911,0.983689466,-0.047859888,-0.633387376,0.396694057,0.460968209,-0.11206159,-0.573812848,-0.03989265,1
-0.076556117,0.231723388,0.952317108,-0.927776205,0.977520663,1.20316101,0.581363825,-0.01436574,0.306807982,1
-0.944310644,0.920209402,0.16797969,-0.978887868,0.85914825,1.042247541,0.318058046,0.148024019,0.166858124,1
-0.682981952,0.1508009,0.270294553,-0.744858692,0.167985683,0.203991996,0.558804234,-1.855512979,0.018592813,1
-0.664090122,-0.329802498,1.304975368,-0.185663558,0.170984689,0.201515814,-0.015569666,-1.620429234,0.033256291,1
-0.000852589,0.631249503,0.957964531,0.486314508,0.896767776,0.27679028,1.453751945,-0.464350232,0.224755622,1
0.464760123,0.721747943,0.437843015,-0.073218133,0.193890975,0.877227361,1.40941415,-1.04300791,0.218381247,1
-1.232965271,1.137513175,0.938529811,0.942948807,-0.036855838,0.550448059,-0.265945209,-0.248060903,-0.032191513,1
-0.524212835,1.554636509,0.119688574,0.038253182,0.422599349,1.134203574,0.738548326,0.23869222,0.159895784,1
-0.034096169,2.01472014,0.133453141,0.541424993,0.064791254,0.217127386,0.660575678,-0.303121504,-0.001473849,1
-0.734108978,-0.155459021,1.242919685,0.328305681,0.092243883,1.210548034,0.482893263,-0.987947309,0.187663584,1
-1.248285597,1.16353066,0.326458228,-0.112241341,0.41657592,0.21067288,0.6240519,-1.396948788,1.006049667,1
0.863364386,-0.5074806,-0.80004485,0.308327072,1.378553014,0.06192604,0.749607116,-0.67575806,0.100862937,1
0.115756246,-0.391321884,-0.30492027,0.764623864,-0.254948396,0.933544718,-1.588801733,-0.803042665,-0.147795095,1
-0.853252839,0.38888803,-1.33403887,0.765298879,1.144807195,-0.262377079,-0.351378344,-0.115894797,-0.164373301,1
-0.489966727,0.143185625,-0.353296594,0.92754435,0.792010186,0.753473501,-1.377650083,0.65984164,-0.074619804,1
0.465762651,0.693767697,-0.859653542,0.87118352,-0.268674711,0.436834394,-1.499960526,-0.460629763,-0.242363812,1
0.000149939,0.603269256,-0.339532027,1.430716161,0.434202091,-0.163602686,-1.455622731,0.118027916,-0.235989436,1
1.716767163,-0.293099373,0.194461993,0.973744354,0.66794791,0.160700433,-0.354637272,-0.441835347,0.029246801,1
-0.018741892,1.083872654,-1.374212842,0.871521028,0.431203085,-0.161126504,-0.881248831,-0.117055829,-0.250652914,1
1.576656902,0.331906576,-0.374035846,0.577132199,1.01202969,0.581066297,-0.187823416,0.442391279,0.096047718,1
0.708902375,1.02039259,-1.158373263,0.526020536,0.893657278,0.420152828,-0.451129196,0.604781039,-0.04390214,1
1.221482375,0.54528691,0.312681351,1.092392465,0.995278953,-0.841650903,-0.787852536,-0.615753082,0.862296363,1
-1.203259244,-0.696201551,-0.779305598,0.658739223,1.15853351,0.234333245,-0.440219551,-0.458307699,-0.069804585,1
-0.335504716,-1.384687565,0.005031819,0.709850886,1.276905923,0.395246713,-0.176913771,-0.620697458,0.070145273,1
0.846972017,-0.909387861,0.333528541,-0.076871644,0.663936562,1.17257269,-0.843058889,-0.995009938,1.111860336,1
-0.122037069,-0.129177948,-0.695590059,-0.076196628,2.063692153,-0.023349108,0.394364501,-0.30786207,1.095282131,1
-0.010002265,-0.669183174,-1.083587535,-0.24629391,0.918110902,1.416049658,-0.05443771,-0.31512851,0.130571814,1
0.008889565,-1.149786572,-0.04890672,0.312901223,0.921109908,1.413573476,-0.62881161,-0.080044766,0.145235292,1
-1.214039489,-0.247920224,-0.14652694,0.777049826,0.785986758,-0.170057193,-1.492146509,-0.975799368,0.77153408,1
0.812164811,-0.537421524,-0.271806191,-0.043059189,1.804374607,-0.529216498,-0.156415858,-0.188929614,0.027920039,1
1.277777523,-0.446923083,-0.791927706,-0.60259183,1.101497805,0.071220583,-0.200753653,-0.767587293,0.021545664,1
-0.419947871,-0.031157851,-0.291240911,0.413575111,0.870750992,-0.255558719,-1.876113012,0.027359715,-0.229027096,1
0.288804565,0.385965482,-1.110082147,-0.491120514,1.330206179,0.328196796,-0.871619476,0.514112838,-0.0369398,1
0.778921231,0.846049113,-1.09631758,0.012051297,0.972398084,-0.588879392,-0.949592125,-0.027700887,-0.198309432,1
0.078908422,-1.324130048,0.013148963,-0.201068016,0.999850714,0.404541256,-1.127274539,-0.712526691,-0.009172,1
-0.435268197,-0.005140367,-0.903312493,-0.641615038,1.324182751,-0.595333898,-0.986115903,-1.12152817,0.809214084,1
0.065701263,-0.26965706,-1.077940112,1.167796803,0.837358015,0.489678928,0.817950409,-0.765113002,0.048519455,1
1.248177996,0.205642644,-0.74944339,0.381074273,0.224388655,1.267004904,0.151805292,-1.139425482,1.090234518,1
0.316952571,0.024645762,0.29079964,1.500139555,1.630142257,0.066130742,0.240480881,0.017889876,1.102983269,1
0.919104041,-0.055275833,-0.083433269,1.833214085,0.126752911,0.588453321,-0.286293978,-0.531190289,-0.02309668,1
0.404927422,1.263713848,-0.999894725,1.392667062,0.451084948,-0.411421834,-0.145135342,-0.940191768,0.795289403,1
-0.295085388,-0.906465314,0.109571818,1.17954775,0.478537578,0.581998814,-0.322817756,-1.625017573,0.984426835,1
1.098680873,-0.807860235,0.618579687,0.620094873,-0.342135295,-0.97000065,0.913240523,0.625062236,0.088485655,1
0.249818176,-0.599977619,0.868923085,1.128178343,-0.457508702,-1.133390301,0.075560843,1.02253574,-0.036800725,1
0.212034515,0.361229176,-1.200438545,0.009788077,-0.463506714,-1.128437937,1.224308643,0.552368251,-0.066127681,1
-0.27354207,0.323409387,0.030647128,0.680117018,-0.93167713,-0.275977007,-0.639642776,1.725578192,-0.101660564,1
-1.336840991,-1.601067369,0.159371396,0.304752235,-0.551427491,-0.29840694,0.208946549,0.265015951,-0.002276628,1
-1.01133854,-0.885562979,-0.929247958,-0.651392561,-0.910222512,0.722396005,0.33142261,0.570584899,0.058149913,1
0.659691233,-0.961683945,-0.367810012,-0.95624131,0.0914146,-1.0594805,1.067124142,0.299310291,0.080784517,1
0.760945791,-1.053407845,-0.123028829,-1.008027989,-1.426713403,-0.024472171,-0.433605027,-0.225447818,-0.042587135,1
1.110952196,0.031681736,-0.677762101,-0.901468332,-1.440439718,-0.521182495,-0.34476382,0.116965084,-0.137155851,1
1.129844026,-0.448921662,0.356918714,-0.342273199,-1.437440712,-0.523658677,-0.91913772,0.352048829,-0.122492373,1
0.160834941,0.331288252,-0.672199886,-0.341598184,-0.037685121,-1.719580475,0.31828567,1.039196697,-0.139070579,1
0.494448976,1.014470571,-0.093359767,-0.620237243,-0.766027889,-1.10564415,-1.185539128,1.062357721,0.777358105,1
0.785449745,-0.683822655,0.410857253,0.054676463,-1.081644697,-1.54198544,-0.467239881,-0.188603864,-0.197582392,1
-0.073565156,-1.748392469,-0.082854858,-1.114250137,-0.713109293,-0.125722746,0.09626546,-0.224286786,0.043692479,1
-0.243347494,-0.194501795,-1.053254853,-1.951746822,-0.744573271,-0.107271138,-0.214473742,-0.092635573,0.937168581,1
-0.194783587,-1.603989917,0.383328119,-0.951667159,-0.366028507,0.292166936,-0.311294584,0.895023585,0.125156873,1
0.28212592,-0.089433297,-0.69399639,0.920369471,-0.8863293,-0.539771581,1.555957716,0.30062355,0.021478695,1
0.766630462,-0.479538254,-0.17943709,0.920031963,-1.586207096,0.058189318,0.937246022,-0.042950384,0.029767798,1
0.596848125,1.07435242,-1.149837085,0.082535279,-1.617671074,0.076640927,0.626506819,0.08870083,0.923243901,1
-0.103164684,-1.095826742,-0.040370542,-0.130584034,-1.590218444,1.070061575,0.448824405,-0.596124975,1.112381333,1
-1.072173769,-0.315616828,-1.069489142,-0.129909018,-0.190462853,-0.125860223,1.686247794,0.091022894,1.095803127,1
0.253182533,-0.377348432,0.247075349,-0.691554462,-0.362388815,-0.656477111,1.872208044,0.161599982,0.179202309,1
-0.494425606,-0.261189716,0.742199929,-0.23525767,-1.995890225,0.215141567,-0.466200806,0.034315377,-0.069455723,1
-1.463434691,0.519020198,-0.286918671,-0.234582654,-0.596134634,-0.980780231,0.771222584,0.721463245,-0.086033929,1
-0.857711718,-0.015487311,-0.238542347,-0.397503141,-1.643093216,-0.800709014,0.560070934,-0.74142106,-0.15920922,1
0.622080768,0.227137751,0.727022892,-0.025799672,-0.373116124,-1.155663617,1.386675351,0.739096629,0.099297071,1
-0.610031914,0.733401424,0.707588172,0.430834627,-1.306739739,-0.882005838,-0.333021804,0.955385958,-0.157650064,1
1.106585311,-0.162967205,1.241582192,-0.02613718,-1.072993919,-0.557702719,0.767963656,0.395522695,0.107586174,1
-0.628923744,1.214004822,-0.327092643,-0.128360506,-1.309738745,-0.879529656,0.241352097,0.720302214,-0.172313542,1
0.96647505,0.462038744,0.673084353,-0.422749335,-0.728912139,-0.137336855,0.934777512,1.279749322,0.17438709,1
0.098720522,1.150524758,-0.111253064,-0.473860998,-0.847284552,-0.298250324,0.671471732,1.442139081,0.034437232,1
0.360049214,0.381116256,-0.008938201,-0.239831821,-1.538447118,-1.136505869,0.91221792,-0.561397917,-0.113828078,1
0.378941045,-0.099487141,1.025742613,0.319363312,-1.535448112,-1.138982051,0.33784402,-0.326314173,-0.0991646,1
-1.347828384,-0.475570942,-0.252306914,-0.900674952,-1.285285121,0.116367174,0.638043582,-0.199607335,0.002160412,1
-1.328936554,-0.956174339,0.782373901,-0.341479819,-1.282286115,0.113890992,0.063669682,0.035476409,0.01682389,1
-1.498718891,0.597716334,-0.188026095,-1.178976503,-1.313750093,0.1323426,-0.24706952,0.167127623,0.910299993,1
-0.620184118,-0.539051006,-0.036467336,-1.246175444,-0.822830928,0.697646506,1.068163218,0.522229532,0.208911187,1
-0.601292287,-1.019654403,0.998213479,-0.68698031,-0.819831922,0.695170324,0.493789318,0.757313277,0.223574664,1
-1.824221342,-0.117788056,0.900593259,-0.222831707,-0.954955072,-0.888460344,-0.369545581,-0.138441326,0.849873452,1
0.201982959,-0.407289356,0.775314008,-1.042940723,0.063432777,-1.24761965,0.96618507,0.648428428,0.106259411,1
0.667595671,-0.316790915,0.255192493,-1.602473363,-0.639444024,-0.647182569,0.921847275,0.069770749,0.099885036,1
-1.030129723,0.098974317,0.755879288,-0.586306423,-0.870190837,-0.97396187,-0.753512084,0.864717757,-0.150687724,1
-0.321377287,0.516097651,-0.062961948,-1.491002048,-0.41073565,-0.390206356,0.250981451,1.35147088,0.041399572,1
0.168739379,0.976181282,-0.049197381,-0.987830237,-0.768543745,-1.307282544,0.173008803,0.809657155,-0.11997006,1
-0.531273431,-1.19399788,1.060269162,-1.20094955,-0.741091116,-0.313861896,-0.004673612,0.124831351,0.069167372,1
-1.04545005,0.124991801,0.143807706,-1.641496572,-0.416759079,-1.31373705,0.136485025,-0.284170128,0.887553456,1
-0.54448059,-0.139524891,-0.030819913,0.167915269,-0.903583814,-0.228724224,1.940551337,0.072245041,0.126858827,1
0.637996143,0.335774812,0.297676809,-0.61880726,-1.516553175,0.548601752,1.274406219,-0.302067439,1.16857389,1
-0.293229281,0.15477793,1.337919839,0.500258022,-0.110799572,-0.65227241,1.363081809,0.855247918,1.181322641,1
0.308922188,0.074856335,0.96368693,0.833332551,-1.614188919,-0.129949831,0.83630695,0.306167753,0.055242692,1
-0.205254431,1.393846016,0.047225474,0.392785529,-1.289856881,-1.129824985,0.977465586,-0.102833726,0.873628775,1
-0.90526724,-0.776333146,1.156692017,0.179666216,-1.262404252,-0.136404337,0.799783172,-0.787659531,1.062766208,1
-0.184732031,-0.835471385,-1.592424435,0.101061641,-0.892967998,0.411348648,-0.053171011,0.798963409,-0.047230219,1
0.305384635,-0.375387754,-1.578659868,0.604233452,-1.250776093,-0.505727539,-0.131143659,0.257149684,-0.208599852,1
0.324276465,-0.855991151,-0.543979053,1.163428585,-1.247777087,-0.508203721,-0.70551756,0.492233429,-0.193936374,1
0.154494128,0.697899522,-1.514379048,0.325931901,-1.279241065,-0.489752113,-1.016256762,0.623884642,0.699539729,1
0.184166204,-0.230985202,-1.112476892,0.76681643,-0.903695307,-0.087837858,-0.538703704,1.376460055,-0.127135457,1
1.28428021,-0.144564996,0.005919463,0.591075713,0.004462342,-0.347996392,-0.278493552,1.761989429,1.052614736,1
-0.171008323,-0.017604868,-0.425759695,1.282076696,-0.920446044,-1.510555057,-1.138732823,0.318315694,0.639113188,1
0.220981288,-2.069041753,0.13464373,0.21571093,0.384711981,-0.370426325,0.570095772,0.301427187,1.151998672,1
0.546483739,-1.353537362,-0.953975624,-0.740433866,0.02591696,0.650376619,0.692571834,0.606996135,1.212425213,1
-0.908804793,-1.226577234,-1.385654781,-0.049432882,-0.898991426,-0.512182045,-0.167667437,-0.836677599,0.798923664,1
0.26853681,-1.308195918,-1.260590634,-0.361458427,0.004023016,-1.034731002,0.330383535,0.347665658,-0.069976756,1
1.451013543,-0.832896215,-0.932093913,-1.148180957,-0.608946344,-0.257405026,-0.335761583,-0.026646822,0.971738307,1
0.519788119,-1.013893096,0.108149118,-0.029115675,0.796807258,-1.458279187,-0.247085994,1.130668535,0.984487057,1
1.121939588,-1.093814692,-0.266083791,0.303958854,-0.706582088,-0.935956609,-0.773860853,0.58158837,-0.141592892,1
0.607762969,0.225174989,-1.182545248,-0.136588168,-0.382250051,-1.935831763,-0.632702217,0.172586891,0.676793192,1
-0.09224984,-1.945004172,-0.073078704,-0.34970748,-0.354797421,-0.942411115,-0.810384631,-0.512238913,0.865930624,1
0.622187268,-0.954011248,-0.948328201,0.673656847,-0.054835927,-0.275994111,1.564959953,0.157011644,1.130372853,1
0.467725257,0.573861942,-1.306656614,0.89135031,-0.539731663,0.082232677,0.364223642,1.437550743,0.985607776,1
-0.232287553,-1.59631722,-0.197190071,0.678230998,-0.512279033,1.075653325,0.186541227,0.752724938,1.174745209,1
-0.773352086,-0.871983897,0.707732753,0.47207797,0.254548661,-0.826381666,-0.901415848,0.472795905,-0.788271179,0
0.017763077,-0.065981066,-0.901008117,-1.043599467,-0.807123161,0.794858359,-0.823277582,0.199707174,-0.734219013,0
0.885517604,-0.75446708,-0.116670699,-0.992487804,-0.688750749,0.955771828,-0.559971802,0.037317415,-0.594269155,0
-0.04570782,-0.935463961,0.923572331,0.126577478,0.717002854,-0.245102334,-0.471296213,1.194632772,-0.581520405,0
-0.466741466,0.324123891,-1.415567416,-1.043261959,-0.107245366,0.19689746,-0.204565887,0.543281109,-0.742508116,0
-0.671025486,-0.535783052,-0.793131039,-0.249700142,-0.095531131,-1.241795166,0.080518096,-0.881598211,-0.884399052,0
0.44798035,-0.929966244,1.359946131,0.133754273,0.815625523,-1.504429883,-0.233645652,-0.260985093,0.31001462,0
1.235524009,0.330622501,-0.671403971,-0.885928148,-0.702477063,0.459061504,-0.471130595,0.379730317,-0.688837872,0
1.254415839,-0.149980897,0.363276844,-0.326733015,-0.699478058,0.456585322,-1.045504495,0.614814062,-0.674174394,0
0.788803127,-0.240479337,0.883398359,0.232799626,0.003398744,-0.143851759,-1.0011667,1.19347174,-0.667800019,0
0.565627277,-0.619782882,0.471153922,0.46716631,0.012113972,-1.580068203,-0.141708817,-0.466491324,-0.824354432,0
-1.142250321,-1.476470081,0.227785209,-0.19367682,0.26527597,-0.32719516,-0.415883155,-0.104700742,-0.708365941,0
-0.433497885,-1.059346747,-0.591056027,-1.098372445,0.724731157,0.256560354,0.58861038,0.382052381,-0.516278645,0
0.748978847,-0.584047043,-0.262559306,-1.885094974,0.111761797,1.03388633,-0.077534737,0.007739901,0.525436418,0
0.051006657,-1.449451704,-0.076496727,-1.098709953,0.024853362,0.854521253,-0.030101315,0.038478447,-0.507989542,0
0.264474305,-0.193942087,-0.777118605,-1.884757467,0.811639592,0.435925431,0.541176957,0.351313835,0.517147316,0
-0.769780582,-1.326569811,1.130341985,-0.023917046,0.710979426,-1.168633028,-0.585792639,-0.441008236,0.264633478,0
-0.811063199,-0.187096099,-0.917242405,0.778238336,-0.253012743,0.776269274,1.077443955,0.383365641,-0.575584467,0
-0.320946533,0.272987532,-0.903477838,1.281410147,-0.610820839,-0.140806914,0.999471306,-0.158448084,-0.7369541,0
0.042339579,0.027285127,0.077264438,1.443655618,-0.963617848,0.875043667,-0.026800433,0.617288353,-0.647200603,0
0.891202276,-0.180597489,-0.173078959,0.935572148,-0.848244441,1.038433317,0.810879247,0.219814849,-0.521914223,0
1.142453584,0.113705333,1.195660792,1.2679149,-0.055460199,0.614885132,0.233409718,1.002817726,0.532549591,0
-1.535135961,-0.578201949,-0.710472751,0.627743813,-0.259036172,-0.14726142,0.962947528,-1.252275368,0.270569416,0
-0.388745623,0.518354447,-0.286122756,-0.778912619,-1.260926576,1.197861748,-0.01819368,0.061996866,-0.635801222,0
-0.835466505,-0.052747391,1.268679574,0.339815155,-0.555050769,0.594948485,-0.548229786,0.875738289,-0.614763369,0
-1.005248842,1.501143283,0.298279579,-0.497681529,-0.586514747,0.613400094,-0.858968988,1.007389502,0.278712734,0
-0.019847388,1.12284063,0.193824787,-0.113157829,-1.271653885,0.698675242,-0.503726373,0.639493512,-0.71570646,0
1.231157124,0.13597356,1.247940322,-0.010596996,-0.335031265,0.422541281,0.641596881,0.658287928,-0.444095847,0
-0.504351931,1.512945587,-0.320734512,-0.112820322,-0.57177609,0.100714343,0.114985322,0.983067447,-0.723995563,0
-1.688869283,-0.267128617,0.274172731,-0.325602126,0.155554335,0.496174092,0.556014602,0.641815576,-0.543147233,0
-1.20436474,-0.657233574,0.788732031,-0.325939634,-0.54432346,1.094134991,-0.062697093,0.298241642,-0.53485813,0
-1.839759789,0.806158659,0.338453551,-0.603903678,0.127089363,0.512149519,-0.329098501,1.008550534,0.364992347,0
0.4089175,0.280530907,-0.008227494,-1.63838235,-0.719731577,0.77010886,-0.086536974,0.151351808,-0.58345774,0
-0.90555791,0.397915082,0.762237419,-0.570766239,-0.132228183,0.006282129,-0.879878859,1.12748299,-0.702369744,0
-0.751095899,-1.129958107,1.120565832,-0.788459703,0.352667554,-0.351944659,0.320857452,-0.153056109,-0.557604667,0
-0.425593448,-0.414453717,0.031946478,-1.744604498,-0.006127467,0.668858286,0.443333514,0.152512839,-0.497178126,0
-0.935157437,1.050480809,0.804721734,0.412899864,-1.009337333,1.20206645,-0.527319915,0.755644801,0.36631911,0
-0.434260526,1.062283114,0.185707643,0.797761072,-0.994598676,0.689380699,0.446634395,0.731322746,-0.636389187,0
-1.769668385,0.355496185,0.844895706,0.306677716,-0.295733223,1.100815875,0.002550573,0.756805833,0.452598723,0
-0.264444238,-1.396437562,-0.963629927,0.910163643,-0.143291109,-0.047099979,0.105546197,-0.363150678,-0.740803175,0
-0.778620856,-0.077447881,-1.880091383,0.469616621,0.181040929,-1.046975133,0.246704834,-0.772152157,0.077582908,0
0.832098264,-0.855431443,-0.267842805,1.23041794,0.308435775,0.034992848,0.05013314,0.936182836,-0.613957639,0
2.014574997,-0.38013174,0.060653917,0.443695411,-0.304533585,0.812318824,-0.616011978,0.561870356,0.427757424,0
1.165712299,-0.172249124,0.310997314,0.951778881,-0.419906992,0.648929173,-1.453691658,0.95934386,0.302471044,0
-1.268737522,-0.537531512,-1.893855951,-0.03355519,0.538849024,-0.129898945,0.324677483,-0.230338432,0.238952541,0
0.533218885,-1.634261102,-0.685734665,0.050693912,0.397903891,-0.474852866,0.037202904,-0.273795736,-0.688459693,0
0.393108624,-1.009255153,-1.254232504,-0.345918243,0.741985671,-0.054487003,0.20401676,0.610430891,-0.621658777,0
1.575585357,-0.533955449,-0.925735782,-1.132640773,0.12901631,0.722838974,-0.462128358,0.236118411,0.420056286,0
0.707830829,0.154530564,-1.7100732,-1.183752435,0.010643898,0.561925505,-0.725434138,0.39850817,0.280106429,0
0.056825927,-1.276478217,0.467165508,0.728537156,0.72823394,-1.479680384,-0.97038626,-0.212629726,0.159253346,0
1.227619571,-0.314270529,-1.294406476,-0.239696095,0.028381561,0.046763572,-0.325853728,0.609269859,-0.70793839,0
-0.433290739,-1.736561848,0.453400941,0.225365345,1.086042035,-0.562604197,-0.892413611,0.329183998,0.320622979,0
0.741074409,-1.228940073,-0.88556181,-1.238862921,0.842620421,0.621588399,0.067742129,0.237279443,0.5063359,0
-0.312072308,-1.8809644,-0.012782035,0.062782367,0.738961248,-0.980493878,-0.484853567,-0.790126373,0.239158585,0
-0.708529451,-0.528110355,-1.373649228,1.380198015,-0.241781658,-0.458308777,0.578353907,-1.023896858,0.165189284,0
1.600161859,-0.440689256,0.052536772,1.354614312,-0.027478376,0.803024281,0.33434879,0.65369959,0.507074697,0
-1.198646117,-0.988193986,-1.387413795,0.877026204,0.116026437,0.458767411,0.656326556,-0.482083133,0.326558917,0
0.682845273,-0.14347375,-0.27012662,-0.176073511,1.246044754,0.682968463,1.184540805,0.005686194,-0.411649398,0
0.701737103,-0.624077148,0.764554195,0.383121623,1.24904376,0.680492281,0.610166905,0.240769939,-0.39698592,0
-1.033771952,0.752894879,-0.80412064,0.280898297,1.012298935,0.358665344,0.083555345,0.565549457,-0.676885635,0
0.066342054,0.839315085,0.314275714,0.105157579,1.920456584,0.098506809,0.343765497,0.951078831,0.502864558,0
0.406461969,0.913371994,-0.795918288,0.224199959,-0.748263757,0.639987136,-0.657466793,-0.89849588,-0.83634054,0
1.657466481,-0.073495076,0.258197247,0.326760793,0.188358864,0.363853175,0.487856461,-0.879701465,-0.564729927,0
1.487684144,1.480395598,-0.712202749,-0.510735892,0.156894886,0.382304783,0.177117259,-0.748050251,0.328746175,0
1.134106235,0.84989193,-0.58007871,-0.121300533,-0.285809564,1.221266468,-0.227347158,-0.176659012,-0.629589766,0
1.152998066,0.369288533,0.454602105,0.4378946,-0.282810558,1.218790287,-0.801721058,0.058424732,-0.614926288,0
0.687385353,0.278790092,0.97472362,0.997427241,0.420066243,0.618353206,-0.757383263,0.637082411,-0.608551913,0
0.649601693,1.239996887,-1.09463801,-0.120963025,0.414068232,0.62330557,0.391364537,0.166914922,-0.637878869,0
1.627794405,0.855389648,-0.14370491,-0.114123737,-0.187186895,-0.038061081,0.010303403,-1.632276878,0.261945259,0
0.760039878,1.543875661,-0.928042328,-0.1652354,-0.305559307,-0.198974549,-0.253002377,-1.469887118,0.121995401,0
-1.262559926,-0.476597254,-0.715570345,0.011755662,0.678944464,0.437485986,0.402274182,-0.896173816,-0.663781313,0
-0.534915659,-0.540077318,-0.499730766,-0.33374483,1.141398657,1.018765319,0.832393818,-0.174336949,-0.457030539,0
-0.516023829,-1.020680715,0.534950049,0.225450303,1.144397663,1.016289137,0.258019918,0.060746796,-0.442367061,0
-1.151418878,0.442711518,0.084671569,-0.05251374,1.815810486,0.434303664,-0.00838149,0.771055688,0.457483416,0
0.631645699,-0.173414675,0.258112039,-0.527459771,1.671866347,0.091825925,0.278517831,0.49251464,-0.484592296,0
1.097258411,-0.082916234,-0.262009476,-1.086992412,0.968989546,0.692263006,0.234180036,-0.086143039,-0.490966671,0
-0.236108829,0.515071339,-0.526225378,-0.578571434,1.553493934,-0.069087544,0.015212052,0.654904399,-0.624542153,0
0.044111693,-0.734940561,0.610770299,0.214652875,0.865330373,-0.909819271,-0.31841566,-1.113548855,-0.758143986,0
0.85973081,0.440647461,-0.464084488,-0.238320109,0.148727257,-0.806092514,-0.273912248,-1.349793631,-0.859087077,0
-0.120502521,-0.479519801,-0.491613622,-1.244663731,0.864343448,1.028059861,-0.11796695,-0.266166182,-0.536347812,0
-0.11481785,0.09434979,-0.548021882,0.68339622,0.704849755,1.110721351,1.252884098,-0.083668747,-0.46399288,0
-0.095926019,-0.386253608,0.486658933,1.242591354,0.707848761,1.108245169,0.678510198,0.151414997,-0.449329402,0
-0.731321069,1.077138625,0.036380452,0.96462731,1.379261585,0.526259697,0.41210879,0.861723889,0.450521076,0
1.557775549,1.029733124,-0.205760593,0.399845502,-0.265927701,0.970971139,0.508766332,-0.999794952,0.416352551,0
0.254080385,0.698835973,-0.068074339,1.34915101,0.694122446,0.611534845,0.767351405,0.493827899,-0.543898118,0
0.830131283,1.093213188,-0.421600172,0.745345994,-0.728381894,0.389691807,0.078646697,-1.721631819,0.209601777,0
0.34562674,1.483318145,-0.936159472,0.745683502,-0.028504098,-0.208269092,0.697358391,-1.378057885,0.201312674,0
-1.081327474,-0.007950956,0.591113724,0.858067654,1.3929879,1.022970021,0.323267583,0.519310987,0.545089792,0
-0.541362971,1.007682952,0.333441165,-0.365671265,-0.418437484,1.368924174,-0.680433216,-0.007564018,-0.649496014,0
-0.623725699,0.618803455,1.123340797,0.245310547,1.102689525,0.331439663,0.245922053,0.752277835,-0.511460884,0
-1.025867514,1.397787909,-0.181118135,-0.365333757,0.281440311,0.770963275,-0.061721522,0.336009916,-0.657785117,0
0.313111849,1.649988924,-0.417696966,-0.370245416,0.039005622,0.017276738,0.69798551,-0.603277313,-0.693868369,0
0.396410413,0.144853462,1.179834265,-0.828528841,-0.221324266,0.520805423,-0.915590366,-0.802435703,-0.663953448,0
-0.0692023,0.054355021,1.69995578,-0.2689962,0.481552536,-0.079631658,-0.871252571,-0.223778025,-0.657579073,0
-0.955848657,1.223444433,-0.119062452,-0.879302996,0.360181117,-0.238068944,-0.560184451,-0.29647201,-0.812192409,0
-0.10698596,1.015561817,-0.36940585,-1.387386466,0.475554524,-0.074679294,0.277495229,-0.693945514,-0.686906029,0
0.144265348,1.309864638,0.999333902,-1.055043714,1.268338766,-0.498227479,-0.299974299,0.089057363,0.367557784,0
0.639550136,0.471478355,0.881114544,-1.173691825,0.941007723,0.504123857,0.133240964,0.262975098,-0.465491777,0
-0.432488411,0.300057426,0.719213504,-0.43124167,0.834349545,-1.095482238,0.155019168,-0.999514462,-0.74733257,0
0.749988321,0.77535713,1.047710226,-1.2179642,0.221380184,-0.318156262,-0.51112595,-1.373826942,0.294382493,0
-0.098874376,0.983239745,1.298053623,-0.70988073,0.106006777,-0.481545913,-1.34880563,-0.976353438,0.169096113,0
-0.117766206,1.463843143,0.263372808,-1.269075863,0.103007771,-0.479069731,-0.774431729,-1.211437183,0.154432635,0
-0.583378918,1.373344702,0.783494324,-0.709543222,0.805884573,-1.079506812,-0.730093935,-0.632779504,0.16080701,0
1.129666802,0.931561986,0.894879111,-0.670520014,0.583199627,-0.412952331,0.055268316,-0.278838627,-0.626861409,0
-0.922605077,-0.160026205,0.705448937,-0.934413481,1.19215764,-0.178406051,0.232991817,-0.457700737,-0.585962938,0
0.259871656,0.315273499,1.033945659,-1.721136011,0.579188279,0.598919926,-0.433153301,-0.832013217,0.455752126,0
-0.588991042,0.523156115,1.284289056,-1.213052541,0.463814873,0.435530275,-1.270832981,-0.434539714,0.330465746,0
-0.607882872,1.003759512,0.249608241,-1.772247674,0.460815867,0.438006457,-0.696459081,-0.669623458,0.315802268,0
-1.073495584,0.913261071,0.769729757,-1.212715033,1.163692668,-0.162430624,-0.652121286,-0.090965779,0.322176643,0
-0.084522626,0.080372506,1.087884198,-1.324186348,0.934984294,-0.419406837,0.018744538,-1.37266591,0.380662106,0
-0.572526124,0.648744379,0.595102138,0.596696808,0.676867933,0.922582202,1.151945026,0.265449389,-0.438517986,0
0.383203254,1.199326451,0.08874519,0.540335978,-0.383816964,0.605943095,1.029634583,-0.855022014,-0.606261993,0
0.29169085,-0.489985724,-1.162907243,0.418709372,1.15865317,0.707717962,0.447800197,0.054041561,-0.562410671,0
0.310582681,-0.970589121,-0.128226428,0.977904505,1.161652176,0.70524178,-0.126573703,0.289125306,-0.547747193,0
-0.324812369,0.492803112,-0.578504908,0.699940462,1.833065,0.123256308,-0.392975111,0.999434198,0.352103284,0
1.964284249,0.445397611,-0.820645954,0.135158654,0.187875715,0.56796775,-0.296317569,-0.862084643,0.31793476,0
1.096529721,1.133883625,-1.604983371,0.084046991,0.069503302,0.407054282,-0.559623349,-0.699694884,0.177984902,0
0.660589085,0.11450046,-0.682959699,1.084464162,1.147925862,0.208531456,-0.037732496,0.631538208,-0.64231591,0
0.75213544,0.898982632,-1.551044832,0.480996653,0.425299317,-0.611272481,-0.10772551,-1.240347577,0.102894883,0
-0.674818774,-0.592286469,-0.023771637,0.593380805,1.846791315,0.619966632,-0.481816318,0.657021296,0.446672001,0
0.380601537,-1.144932598,-0.066170745,0.463935266,1.240392982,-0.30379044,-0.625036632,-0.34335662,-0.702154485,0
0.706103988,-0.429428207,-1.154790099,-0.49220953,0.881597962,0.717012505,-0.502560571,-0.037787672,-0.641727944,0
0.594141733,-0.165741978,-0.32240615,1.102438385,1.52561582,0.875312315,0.776353642,0.350215993,0.56499604,0
-0.273612795,0.522744036,-1.106743568,1.051326722,1.407243407,0.714398846,0.513047863,0.512605752,0.425046182,0
1.549871111,0.384840094,-0.828763098,1.046077555,0.464930923,0.558673208,0.654043199,-0.77025541,0.397252033,0
0.822226845,0.448320158,-1.044602677,1.391578047,0.00247673,-0.022606125,0.223923563,-1.492092278,0.190501259,0
-0.569535164,-1.331371478,-0.440069827,0.410222876,-1.013762023,-0.406301555,0.666846661,0.055528343,-0.701633489,0
-1.083711782,-0.012381797,-1.356531284,-0.030324146,-0.689429986,-1.406176709,0.808005298,-0.353473136,0.116752595,0
0.527007338,-0.790365359,0.255717295,0.730477173,-0.562035139,-0.324208728,0.611433604,1.354861857,-0.574787953,0
1.70948407,-0.315065656,0.584214016,-0.056245356,-1.1750045,0.453117248,-0.054711514,0.980549378,0.46692711,0
0.860621373,-0.10718304,0.834557414,0.451838114,-1.290377907,0.289727597,-0.892391194,1.378022881,0.34164073,0
-1.573828448,-0.472465428,-1.370295851,-0.533495957,-0.331621891,-0.489100521,0.885977947,0.188340589,0.278122227,0
-0.620734738,-1.361312402,0.088168832,0.058836615,-0.587940431,-0.997444093,-0.239176312,0.542356789,-0.774576387,0
0.088017698,-0.944189069,-0.730672404,-0.84585901,-0.128485244,-0.413688578,0.765317223,1.029109912,-0.582489091,0
1.270494431,-0.468889365,-0.402175683,-1.632581539,-0.741454604,0.363637398,0.099172106,0.654797432,0.459225973,0
0.57252224,-1.334294025,-0.216113104,-0.846196518,-0.828363039,0.18427232,0.146605529,0.685535978,-0.574199988,0
0.785989888,-0.078784409,-0.916734983,-1.632244032,-0.041576809,-0.234323501,0.717883801,0.998371366,0.45093687,0
-0.248264999,-1.211412133,0.990725608,0.228596389,-0.142236975,-1.83888196,-0.409085796,0.206049295,0.198423032,0
0.110481032,-1.87937838,0.726617643,-0.782658892,0.330944527,-0.758416122,0.506566532,0.350389516,0.485079045,0
0.435983483,-1.163873989,-0.362001711,-1.738803688,-0.027850494,0.262386823,0.629042593,0.655958464,0.545505586,0
-0.617163234,-1.815898316,0.510778064,-0.4371584,-0.131509666,-1.339695454,0.076446897,-0.371447352,0.278328271,0
-1.013620378,-0.463044271,-0.850089128,0.880257248,-1.112252573,-0.817510353,1.139654371,-0.605217837,0.204358971,0
1.295070933,-0.375623172,0.576096872,0.854673546,-0.897949291,0.443822705,0.895649254,1.072378611,0.546244383,0
-1.503737044,-0.923127902,-0.863853695,0.377085437,-0.754444477,0.099565835,1.21762702,-0.063404112,0.365728603,0
-0.833739664,0.53121138,0.713396473,-0.351727751,-1.426004833,0.439861485,-0.771103352,1.312034131,0.307071004,0
-0.852631494,1.011814778,-0.321284342,-0.910922884,-1.429003839,0.442337667,-0.196729452,1.076950387,0.292407526,0
-1.202637899,-0.073274803,0.23344893,-1.01748254,-1.415277524,0.939047991,-0.285570659,0.734537484,0.386976243,0
-0.229580315,-1.014800429,0.980949455,-0.535946268,-0.500548847,-1.022193591,0.497564296,0.494001422,-0.623815113,0
0.095922136,-0.299296039,-0.107669899,-1.492091063,-0.859343868,-0.001390647,0.620040357,0.79957037,-0.563388572,0
-1.248152801,0.470653863,0.705279329,0.559191151,-1.148949624,0.430566942,0.179257416,1.403863364,0.386388278,0
-1.617051037,-0.13383232,0.225331786,-0.106563638,-1.138222315,0.929753448,0.664790109,0.826366717,0.466293516,0
-0.607111678,-1.047379784,-1.464974489,0.6155704,-0.658449157,-1.220513741,0.33457047,-0.467507528,0.105941179,0
1.701579633,-0.959958685,-0.038788489,0.589986697,-0.444145876,0.040819316,0.090565353,1.210088919,0.447826592,0
-1.097228344,-1.507463415,-1.478739056,0.112398588,-0.300641062,-0.303437554,0.412543118,0.074306196,0.267310811,0
0.088224845,-1.62140417,0.313784564,0.47787878,0.232825634,-1.232853129,-0.715706768,0.976241529,0.254412533,0
1.262589993,-1.113782395,-1.025178188,-0.986349486,-0.01059598,-0.048660534,0.244448973,0.884336974,0.440125454,0
0.209443275,-1.765806722,-0.152398412,0.315295802,-0.114255152,-1.650742811,-0.308146724,-0.143068842,0.172948139,0
0.044829061,-1.510385962,-1.254782333,-1.144020805,-0.115242078,0.287136321,-0.107698014,0.704313831,0.394744312,0
0.503502381,-0.017769527,-0.170855324,-0.04700494,0.477472928,-0.546166712,0.089261397,1.143553547,-0.985814933,0
-0.131794293,-0.662926146,0.532580333,-0.051460727,-0.309684959,-0.064342681,1.213064136,-0.455880035,-0.874292819,0
0.212599988,-0.428025153,0.478641794,-0.448410389,-0.665480974,0.953984081,0.761166297,0.084772658,-0.7992028,0
0.096993681,0.566565987,0.444030037,0.217681908,0.023669512,-0.143163324,0.894345299,1.005843239,-0.887397141,0
-0.209953352,-0.429611173,-0.260757885,0.39703087,-0.257464253,0.731906325,-0.230253803,-1.055743231,-1.04512326,0
0.517690915,-0.493091237,-0.044918306,0.051530378,0.20498994,1.313185657,0.199865833,-0.333906363,-0.838372486,0
-0.401263187,0.165453852,-0.301017064,-0.350967546,0.51243912,0.56112965,-0.96946292,0.315311842,-1.051265242,0
0.181201071,-0.0830992,0.632022738,-0.197752013,-0.170072669,0.707156826,0.506486805,-1.104098597,-0.894361986,0